[{
    "model": "admin.logentry",
    "pk": 1,
    "fields": {
        "action_time": "2024-05-16T22:15:13.446Z",
        "user": 1,
        "content_type": 8,
        "object_id": "1",
        "object_repr": "vveten",
        "action_flag": 1,
        "change_message": "[{\"added\": {}}]"
    }
}, {
    "model": "admin.logentry",
    "pk": 2,
    "fields": {
        "action_time": "2024-05-16T22:15:25.726Z",
        "user": 1,
        "content_type": 11,
        "object_id": "1",
        "object_repr": "140 x 70 cm",
        "action_flag": 1,
        "change_message": "[{\"added\": {}}]"
    }
}, {
    "model": "admin.logentry",
    "pk": 3,
    "fields": {
        "action_time": "2024-05-16T22:15:39.389Z",
        "user": 1,
        "content_type": 10,
        "object_id": "1",
        "object_repr": "Qara. taxta",
        "action_flag": 1,
        "change_message": "[{\"added\": {}}]"
    }
}, {
    "model": "admin.logentry",
    "pk": 4,
    "fields": {
        "action_time": "2024-05-16T22:15:50.296Z",
        "user": 1,
        "content_type": 7,
        "object_id": "1",
        "object_repr": "Rafayel Muradov",
        "action_flag": 1,
        "change_message": "[{\"added\": {}}]"
    }
}, {
    "model": "admin.logentry",
    "pk": 5,
    "fields": {
        "action_time": "2024-05-16T22:16:01.251Z",
        "user": 1,
        "content_type": 12,
        "object_id": "1",
        "object_repr": "M.resul",
        "action_flag": 1,
        "change_message": "[{\"added\": {}}]"
    }
}, {
    "model": "admin.logentry",
    "pk": 6,
    "fields": {
        "action_time": "2024-05-16T22:19:29.970Z",
        "user": 1,
        "content_type": 12,
        "object_id": "2",
        "object_repr": "3reeng",
        "action_flag": 1,
        "change_message": "[{\"added\": {}}]"
    }
}, {
    "model": "admin.logentry",
    "pk": 7,
    "fields": {
        "action_time": "2024-05-16T22:26:37.106Z",
        "user": 1,
        "content_type": 12,
        "object_id": "3",
        "object_repr": "M.resul",
        "action_flag": 1,
        "change_message": "[{\"added\": {}}]"
    }
}, {
    "model": "admin.logentry",
    "pk": 8,
    "fields": {
        "action_time": "2024-05-24T20:07:03.752Z",
        "user": 1,
        "content_type": 16,
        "object_id": "7",
        "object_repr": "+994 55 559 96 66->wq",
        "action_flag": 3,
        "change_message": ""
    }
}, {
    "model": "admin.logentry",
    "pk": 9,
    "fields": {
        "action_time": "2024-05-24T20:07:03.756Z",
        "user": 1,
        "content_type": 16,
        "object_id": "6",
        "object_repr": "+994 55 559 96 66->xsa",
        "action_flag": 3,
        "change_message": ""
    }
}, {
    "model": "admin.logentry",
    "pk": 10,
    "fields": {
        "action_time": "2024-05-24T20:07:03.759Z",
        "user": 1,
        "content_type": 16,
        "object_id": "5",
        "object_repr": "None->xsa",
        "action_flag": 3,
        "change_message": ""
    }
}, {
    "model": "admin.logentry",
    "pk": 11,
    "fields": {
        "action_time": "2024-05-24T20:07:03.760Z",
        "user": 1,
        "content_type": 16,
        "object_id": "4",
        "object_repr": "None->cas",
        "action_flag": 3,
        "change_message": ""
    }
}, {
    "model": "admin.logentry",
    "pk": 12,
    "fields": {
        "action_time": "2024-05-24T20:07:03.763Z",
        "user": 1,
        "content_type": 16,
        "object_id": "3",
        "object_repr": "+994 55 559 96 66->xsa",
        "action_flag": 3,
        "change_message": ""
    }
}, {
    "model": "admin.logentry",
    "pk": 13,
    "fields": {
        "action_time": "2024-05-24T20:07:03.765Z",
        "user": 1,
        "content_type": 16,
        "object_id": "2",
        "object_repr": "+994 55 559 96 66->sxa",
        "action_flag": 3,
        "change_message": ""
    }
}, {
    "model": "admin.logentry",
    "pk": 14,
    "fields": {
        "action_time": "2024-05-24T20:07:03.767Z",
        "user": 1,
        "content_type": 16,
        "object_id": "1",
        "object_repr": "+994 55 559 96 66->xsax",
        "action_flag": 3,
        "change_message": ""
    }
}, {
    "model": "admin.logentry",
    "pk": 15,
    "fields": {
        "action_time": "2024-05-24T20:22:40.630Z",
        "user": 1,
        "content_type": 16,
        "object_id": "15",
        "object_repr": "+994 55 559 96 66->csa",
        "action_flag": 3,
        "change_message": ""
    }
}, {
    "model": "admin.logentry",
    "pk": 16,
    "fields": {
        "action_time": "2024-05-24T20:22:40.634Z",
        "user": 1,
        "content_type": 16,
        "object_id": "14",
        "object_repr": "+994 55 559 96 66->xsa",
        "action_flag": 3,
        "change_message": ""
    }
}, {
    "model": "admin.logentry",
    "pk": 17,
    "fields": {
        "action_time": "2024-05-24T20:22:40.636Z",
        "user": 1,
        "content_type": 16,
        "object_id": "13",
        "object_repr": "+994 55 559 96 66->dew",
        "action_flag": 3,
        "change_message": ""
    }
}, {
    "model": "admin.logentry",
    "pk": 18,
    "fields": {
        "action_time": "2024-05-24T20:22:40.638Z",
        "user": 1,
        "content_type": 16,
        "object_id": "12",
        "object_repr": "None->xsa",
        "action_flag": 3,
        "change_message": ""
    }
}, {
    "model": "admin.logentry",
    "pk": 19,
    "fields": {
        "action_time": "2024-05-24T20:22:40.640Z",
        "user": 1,
        "content_type": 16,
        "object_id": "11",
        "object_repr": "None->dwqd",
        "action_flag": 3,
        "change_message": ""
    }
}, {
    "model": "admin.logentry",
    "pk": 20,
    "fields": {
        "action_time": "2024-05-24T20:22:40.642Z",
        "user": 1,
        "content_type": 16,
        "object_id": "10",
        "object_repr": "None->sdwqd",
        "action_flag": 3,
        "change_message": ""
    }
}, {
    "model": "admin.logentry",
    "pk": 21,
    "fields": {
        "action_time": "2024-05-24T20:22:40.644Z",
        "user": 1,
        "content_type": 16,
        "object_id": "9",
        "object_repr": "None->xsa",
        "action_flag": 3,
        "change_message": ""
    }
}, {
    "model": "admin.logentry",
    "pk": 22,
    "fields": {
        "action_time": "2024-05-24T20:22:40.646Z",
        "user": 1,
        "content_type": 16,
        "object_id": "8",
        "object_repr": "None->dew",
        "action_flag": 3,
        "change_message": ""
    }
}, {
    "model": "admin.logentry",
    "pk": 23,
    "fields": {
        "action_time": "2024-05-27T06:59:51.859Z",
        "user": 1,
        "content_type": 13,
        "object_id": "1",
        "object_repr": "12%",
        "action_flag": 1,
        "change_message": "[{\"added\": {}}]"
    }
}, {
    "model": "admin.logentry",
    "pk": 24,
    "fields": {
        "action_time": "2024-05-27T08:54:49.937Z",
        "user": 1,
        "content_type": 8,
        "object_id": "2",
        "object_repr": "ujb",
        "action_flag": 1,
        "change_message": "[{\"added\": {}}]"
    }
}, {
    "model": "admin.logentry",
    "pk": 25,
    "fields": {
        "action_time": "2024-05-27T08:54:52.205Z",
        "user": 1,
        "content_type": 12,
        "object_id": "3",
        "object_repr": "M.resul",
        "action_flag": 2,
        "change_message": "[{\"changed\": {\"fields\": [\"Category\"]}}]"
    }
}, {
    "model": "admin.logentry",
    "pk": 26,
    "fields": {
        "action_time": "2024-05-27T10:44:26.685Z",
        "user": 1,
        "content_type": 7,
        "object_id": "2",
        "object_repr": "Laman Mirizada",
        "action_flag": 1,
        "change_message": "[{\"added\": {}}]"
    }
}, {
    "model": "admin.logentry",
    "pk": 27,
    "fields": {
        "action_time": "2024-05-27T10:44:35.449Z",
        "user": 1,
        "content_type": 12,
        "object_id": "3",
        "object_repr": "M.resul",
        "action_flag": 2,
        "change_message": "[{\"changed\": {\"fields\": [\"Artist\"]}}]"
    }
}, {
    "model": "admin.logentry",
    "pk": 28,
    "fields": {
        "action_time": "2024-05-29T13:00:21.239Z",
        "user": 1,
        "content_type": 12,
        "object_id": "4",
        "object_repr": "wD",
        "action_flag": 1,
        "change_message": "[{\"added\": {}}]"
    }
}, {
    "model": "admin.logentry",
    "pk": 29,
    "fields": {
        "action_time": "2024-05-29T13:00:35.570Z",
        "user": 1,
        "content_type": 12,
        "object_id": "4",
        "object_repr": "wD",
        "action_flag": 2,
        "change_message": "[]"
    }
}, {
    "model": "admin.logentry",
    "pk": 30,
    "fields": {
        "action_time": "2024-05-29T13:00:51.116Z",
        "user": 1,
        "content_type": 12,
        "object_id": "5",
        "object_repr": "Dd",
        "action_flag": 1,
        "change_message": "[{\"added\": {}}]"
    }
}, {
    "model": "admin.logentry",
    "pk": 31,
    "fields": {
        "action_time": "2024-05-29T13:01:08.609Z",
        "user": 1,
        "content_type": 12,
        "object_id": "6",
        "object_repr": "241",
        "action_flag": 1,
        "change_message": "[{\"added\": {}}]"
    }
}, {
    "model": "admin.logentry",
    "pk": 32,
    "fields": {
        "action_time": "2024-05-29T13:02:44.959Z",
        "user": 1,
        "content_type": 12,
        "object_id": "7",
        "object_repr": "VGGHM",
        "action_flag": 1,
        "change_message": "[{\"added\": {}}]"
    }
}, {
    "model": "admin.logentry",
    "pk": 33,
    "fields": {
        "action_time": "2024-05-29T13:03:19.458Z",
        "user": 1,
        "content_type": 12,
        "object_id": "8",
        "object_repr": "DIASD",
        "action_flag": 1,
        "change_message": "[{\"added\": {}}]"
    }
}, {
    "model": "admin.logentry",
    "pk": 34,
    "fields": {
        "action_time": "2024-05-29T13:05:12.521Z",
        "user": 1,
        "content_type": 12,
        "object_id": "9",
        "object_repr": "LKKM",
        "action_flag": 1,
        "change_message": "[{\"added\": {}}]"
    }
}, {
    "model": "admin.logentry",
    "pk": 35,
    "fields": {
        "action_time": "2024-06-03T15:45:34.100Z",
        "user": 1,
        "content_type": 21,
        "object_id": "1",
        "object_repr": "Ilgar Wishlist",
        "action_flag": 3,
        "change_message": ""
    }
}, {
    "model": "admin.logentry",
    "pk": 36,
    "fields": {
        "action_time": "2024-07-08T13:04:56.653Z",
        "user": 1,
        "content_type": 12,
        "object_id": "3",
        "object_repr": "M.resul",
        "action_flag": 2,
        "change_message": "[{\"changed\": {\"fields\": [\"Artist\", \"Detail\"]}}]"
    }
}, {
    "model": "admin.logentry",
    "pk": 37,
    "fields": {
        "action_time": "2024-07-08T13:05:26.623Z",
        "user": 1,
        "content_type": 12,
        "object_id": "3",
        "object_repr": "M.resul",
        "action_flag": 2,
        "change_message": "[{\"changed\": {\"fields\": [\"Category\"]}}]"
    }
}, {
    "model": "admin.logentry",
    "pk": 38,
    "fields": {
        "action_time": "2024-07-11T11:12:11.651Z",
        "user": 1,
        "content_type": 9,
        "object_id": "1",
        "object_repr": "GLASSTECH0",
        "action_flag": 1,
        "change_message": "[{\"added\": {}}]"
    }
}, {
    "model": "admin.logentry",
    "pk": 39,
    "fields": {
        "action_time": "2024-07-11T14:54:00.636Z",
        "user": 1,
        "content_type": 14,
        "object_id": "1",
        "object_repr": "Coupon: GLASSTECH0 | User: xwq",
        "action_flag": 1,
        "change_message": "[{\"added\": {}}]"
    }
}, {
    "model": "admin.logentry",
    "pk": 40,
    "fields": {
        "action_time": "2024-07-11T15:04:23.999Z",
        "user": 1,
        "content_type": 14,
        "object_id": "1",
        "object_repr": "Coupon: GLASSTECH0 | User: xwq",
        "action_flag": 3,
        "change_message": ""
    }
}, {
    "model": "admin.logentry",
    "pk": 41,
    "fields": {
        "action_time": "2024-07-11T16:50:24.018Z",
        "user": 1,
        "content_type": 11,
        "object_id": "2",
        "object_repr": "80 x 40 cm",
        "action_flag": 1,
        "change_message": "[{\"added\": {}}]"
    }
}, {
    "model": "admin.logentry",
    "pk": 42,
    "fields": {
        "action_time": "2024-07-11T16:50:33.320Z",
        "user": 1,
        "content_type": 11,
        "object_id": "1",
        "object_repr": "140 x 70 cm",
        "action_flag": 2,
        "change_message": "[{\"changed\": {\"fields\": [\"Price mdf\", \"Price glass\"]}}]"
    }
}, {
    "model": "admin.logentry",
    "pk": 43,
    "fields": {
        "action_time": "2024-07-11T16:50:56.842Z",
        "user": 1,
        "content_type": 12,
        "object_id": "3",
        "object_repr": "M.resul - MDF",
        "action_flag": 2,
        "change_message": "[{\"changed\": {\"fields\": [\"Sizes\"]}}]"
    }
}, {
    "model": "admin.logentry",
    "pk": 44,
    "fields": {
        "action_time": "2024-07-11T17:26:48.423Z",
        "user": 1,
        "content_type": 13,
        "object_id": "1",
        "object_repr": "12%",
        "action_flag": 2,
        "change_message": "[{\"changed\": {\"fields\": [\"Products\"]}}]"
    }
}, {
    "model": "admin.logentry",
    "pk": 45,
    "fields": {
        "action_time": "2024-07-11T17:52:22.258Z",
        "user": 1,
        "content_type": 12,
        "object_id": "1",
        "object_repr": "M.resul - GLASS",
        "action_flag": 2,
        "change_message": "[{\"changed\": {\"fields\": [\"Sizes\", \"Detail\"]}}]"
    }
}, {
    "model": "admin.logentry",
    "pk": 46,
    "fields": {
        "action_time": "2024-08-07T07:07:12.577Z",
        "user": 1,
        "content_type": 18,
        "object_id": "3",
        "object_repr": "Ilgar Basket",
        "action_flag": 2,
        "change_message": "[{\"changed\": {\"fields\": [\"Is active\"]}}]"
    }
}, {
    "model": "admin.logentry",
    "pk": 47,
    "fields": {
        "action_time": "2024-08-07T07:17:21.881Z",
        "user": 1,
        "content_type": 18,
        "object_id": "3",
        "object_repr": "Ilgar Basket",
        "action_flag": 2,
        "change_message": "[]"
    }
}, {
    "model": "admin.logentry",
    "pk": 48,
    "fields": {
        "action_time": "2024-08-07T14:42:05.185Z",
        "user": 1,
        "content_type": 15,
        "object_id": "2",
        "object_repr": "0555599666",
        "action_flag": 2,
        "change_message": "[{\"changed\": {\"fields\": [\"Staff status\", \"Superuser status\"]}}]"
    }
}, {
    "model": "admin.logentry",
    "pk": 49,
    "fields": {
        "action_time": "2024-08-07T14:42:37.996Z",
        "user": 2,
        "content_type": 19,
        "object_id": "10",
        "object_repr": "Order #70824210 - 1 items",
        "action_flag": 3,
        "change_message": ""
    }
}, {
    "model": "admin.logentry",
    "pk": 50,
    "fields": {
        "action_time": "2024-08-07T14:42:38.012Z",
        "user": 2,
        "content_type": 19,
        "object_id": "9",
        "object_repr": "Order #7082429 - 0 items",
        "action_flag": 3,
        "change_message": ""
    }
}, {
    "model": "admin.logentry",
    "pk": 51,
    "fields": {
        "action_time": "2024-08-07T14:42:38.021Z",
        "user": 2,
        "content_type": 19,
        "object_id": "8",
        "object_repr": "Order #7082428 - 0 items",
        "action_flag": 3,
        "change_message": ""
    }
}, {
    "model": "admin.logentry",
    "pk": 52,
    "fields": {
        "action_time": "2024-08-07T14:42:38.033Z",
        "user": 2,
        "content_type": 19,
        "object_id": "7",
        "object_repr": "Order #7082427 - 0 items",
        "action_flag": 3,
        "change_message": ""
    }
}, {
    "model": "admin.logentry",
    "pk": 53,
    "fields": {
        "action_time": "2024-08-07T14:42:38.054Z",
        "user": 2,
        "content_type": 19,
        "object_id": "6",
        "object_repr": "Order #7082426 - 0 items",
        "action_flag": 3,
        "change_message": ""
    }
}, {
    "model": "admin.logentry",
    "pk": 54,
    "fields": {
        "action_time": "2024-08-07T14:42:38.066Z",
        "user": 2,
        "content_type": 19,
        "object_id": "5",
        "object_repr": "Order #7082425 - 0 items",
        "action_flag": 3,
        "change_message": ""
    }
}, {
    "model": "admin.logentry",
    "pk": 55,
    "fields": {
        "action_time": "2024-08-07T14:42:38.078Z",
        "user": 2,
        "content_type": 19,
        "object_id": "4",
        "object_repr": "Order #7082424 - 0 items",
        "action_flag": 3,
        "change_message": ""
    }
}, {
    "model": "admin.logentry",
    "pk": 56,
    "fields": {
        "action_time": "2024-08-07T14:42:38.089Z",
        "user": 2,
        "content_type": 19,
        "object_id": "3",
        "object_repr": "Order #7082423 - 0 items",
        "action_flag": 3,
        "change_message": ""
    }
}, {
    "model": "admin.logentry",
    "pk": 57,
    "fields": {
        "action_time": "2024-08-07T14:42:38.103Z",
        "user": 2,
        "content_type": 19,
        "object_id": "2",
        "object_repr": "Order #7082422 - 0 items",
        "action_flag": 3,
        "change_message": ""
    }
}, {
    "model": "admin.logentry",
    "pk": 58,
    "fields": {
        "action_time": "2024-08-07T14:42:38.116Z",
        "user": 2,
        "content_type": 19,
        "object_id": "1",
        "object_repr": "Order #7082421 - 0 items",
        "action_flag": 3,
        "change_message": ""
    }
}, {
    "model": "admin.logentry",
    "pk": 59,
    "fields": {
        "action_time": "2024-08-07T14:42:58.985Z",
        "user": 2,
        "content_type": 19,
        "object_id": "11",
        "object_repr": "Order #070824211 - 0 items",
        "action_flag": 1,
        "change_message": "[{\"added\": {}}]"
    }
}, {
    "model": "admin.logentry",
    "pk": 60,
    "fields": {
        "action_time": "2024-08-07T14:43:10.473Z",
        "user": 2,
        "content_type": 20,
        "object_id": "2",
        "object_repr": "1 x M.resul in Order #70824211",
        "action_flag": 1,
        "change_message": "[{\"added\": {}}]"
    }
}, {
    "model": "admin.logentry",
    "pk": 61,
    "fields": {
        "action_time": "2024-08-07T15:00:56.409Z",
        "user": 2,
        "content_type": 20,
        "object_id": "3",
        "object_repr": "2 x M.resul in Order #70824211",
        "action_flag": 1,
        "change_message": "[{\"added\": {}}]"
    }
}, {
    "model": "admin.logentry",
    "pk": 62,
    "fields": {
        "action_time": "2024-08-07T15:30:50.108Z",
        "user": 2,
        "content_type": 19,
        "object_id": "11",
        "object_repr": "Order #70824211 - 2 items",
        "action_flag": 2,
        "change_message": "[{\"changed\": {\"fields\": [\"Used coupon\"]}}]"
    }
}, {
    "model": "admin.logentry",
    "pk": 63,
    "fields": {
        "action_time": "2024-08-07T15:54:57.748Z",
        "user": 2,
        "content_type": 19,
        "object_id": "11",
        "object_repr": "Order #70824211 - 2 items",
        "action_flag": 2,
        "change_message": "[{\"changed\": {\"fields\": [\"Status\"]}}]"
    }
}, {
    "model": "admin.logentry",
    "pk": 64,
    "fields": {
        "action_time": "2024-08-09T09:39:39.921Z",
        "user": 1,
        "content_type": 13,
        "object_id": "1",
        "object_repr": "12AZN",
        "action_flag": 2,
        "change_message": "[{\"changed\": {\"fields\": [\"Type\"]}}]"
    }
}, {
    "model": "admin.logentry",
    "pk": 65,
    "fields": {
        "action_time": "2024-08-09T09:45:09.166Z",
        "user": 1,
        "content_type": 12,
        "object_id": "4",
        "object_repr": "wD - GLASS",
        "action_flag": 2,
        "change_message": "[{\"changed\": {\"fields\": [\"Sizes\", \"Detail\"]}}]"
    }
}, {
    "model": "admin.logentry",
    "pk": 66,
    "fields": {
        "action_time": "2024-08-09T11:38:34.653Z",
        "user": 1,
        "content_type": 12,
        "object_id": "10",
        "object_repr": "Senet - GLASS",
        "action_flag": 1,
        "change_message": "[{\"added\": {}}]"
    }
}, {
    "model": "admin.logentry",
    "pk": 67,
    "fields": {
        "action_time": "2024-08-09T12:00:59.222Z",
        "user": 1,
        "content_type": 13,
        "object_id": "2",
        "object_repr": "50%",
        "action_flag": 1,
        "change_message": "[{\"added\": {}}]"
    }
}, {
    "model": "admin.logentry",
    "pk": 68,
    "fields": {
        "action_time": "2024-08-09T12:01:53.707Z",
        "user": 1,
        "content_type": 13,
        "object_id": "2",
        "object_repr": "50%",
        "action_flag": 2,
        "change_message": "[{\"changed\": {\"fields\": [\"Products\"]}}]"
    }
}, {
    "model": "admin.logentry",
    "pk": 69,
    "fields": {
        "action_time": "2024-08-09T13:08:02.370Z",
        "user": 1,
        "content_type": 6,
        "object_id": "1",
        "object_repr": "SliderIMGs/Luxury-open-living-room-ideas-before-and-after.jpg 1",
        "action_flag": 1,
        "change_message": "[{\"added\": {}}]"
    }
}, {
    "model": "admin.logentry",
    "pk": 70,
    "fields": {
        "action_time": "2024-08-09T13:09:33.055Z",
        "user": 1,
        "content_type": 6,
        "object_id": "2",
        "object_repr": "SliderIMGs/Modern-Bedroom-Design.jpg 2",
        "action_flag": 1,
        "change_message": "[{\"added\": {}}]"
    }
}, {
    "model": "admin.logentry",
    "pk": 71,
    "fields": {
        "action_time": "2024-08-09T13:10:26.431Z",
        "user": 1,
        "content_type": 8,
        "object_id": "2",
        "object_repr": "Mənzərə",
        "action_flag": 2,
        "change_message": "[{\"changed\": {\"fields\": [\"Title\"]}}]"
    }
}, {
    "model": "admin.logentry",
    "pk": 72,
    "fields": {
        "action_time": "2024-08-09T13:10:51.602Z",
        "user": 1,
        "content_type": 8,
        "object_id": "2",
        "object_repr": "Mənzərə",
        "action_flag": 2,
        "change_message": "[{\"changed\": {\"fields\": [\"Slug\"]}}]"
    }
}, {
    "model": "admin.logentry",
    "pk": 73,
    "fields": {
        "action_time": "2024-08-09T13:11:05.017Z",
        "user": 1,
        "content_type": 8,
        "object_id": "1",
        "object_repr": "Şəhər",
        "action_flag": 2,
        "change_message": "[{\"changed\": {\"fields\": [\"Title\", \"Slug\"]}}]"
    }
}, {
    "model": "admin.logentry",
    "pk": 74,
    "fields": {
        "action_time": "2024-08-11T19:40:28.494Z",
        "user": 2,
        "content_type": 8,
        "object_id": "1",
        "object_repr": "Seher",
        "action_flag": 2,
        "change_message": "[{\"changed\": {\"fields\": [\"Title\"]}}]"
    }
}, {
    "model": "admin.logentry",
    "pk": 75,
    "fields": {
        "action_time": "2024-08-11T19:41:11.237Z",
        "user": 2,
        "content_type": 8,
        "object_id": "1",
        "object_repr": "Şəhə",
        "action_flag": 2,
        "change_message": "[{\"changed\": {\"fields\": [\"Title\"]}}]"
    }
}, {
    "model": "admin.logentry",
    "pk": 76,
    "fields": {
        "action_time": "2024-08-11T19:41:15.023Z",
        "user": 2,
        "content_type": 8,
        "object_id": "1",
        "object_repr": "Şəhər",
        "action_flag": 2,
        "change_message": "[{\"changed\": {\"fields\": [\"Title\"]}}]"
    }
}, {
    "model": "admin.logentry",
    "pk": 77,
    "fields": {
        "action_time": "2024-08-11T19:41:34.656Z",
        "user": 2,
        "content_type": 8,
        "object_id": "3",
        "object_repr": "Yol",
        "action_flag": 1,
        "change_message": "[{\"added\": {}}]"
    }
}, {
    "model": "admin.logentry",
    "pk": 78,
    "fields": {
        "action_time": "2024-08-11T19:48:50.305Z",
        "user": 2,
        "content_type": 12,
        "object_id": "6",
        "object_repr": "241 - GLASS",
        "action_flag": 2,
        "change_message": "[{\"changed\": {\"fields\": [\"Detail\", \"Image\"]}}]"
    }
}, {
    "model": "admin.logentry",
    "pk": 79,
    "fields": {
        "action_time": "2024-08-11T19:49:14.088Z",
        "user": 2,
        "content_type": 12,
        "object_id": "5",
        "object_repr": "Dd - GLASS",
        "action_flag": 2,
        "change_message": "[{\"changed\": {\"fields\": [\"Detail\", \"Image\"]}}]"
    }
}, {
    "model": "admin.logentry",
    "pk": 80,
    "fields": {
        "action_time": "2024-08-11T19:49:32.189Z",
        "user": 2,
        "content_type": 12,
        "object_id": "4",
        "object_repr": "wD - GLASS",
        "action_flag": 2,
        "change_message": "[{\"changed\": {\"fields\": [\"Image\"]}}]"
    }
}, {
    "model": "admin.logentry",
    "pk": 81,
    "fields": {
        "action_time": "2024-08-11T19:50:12.583Z",
        "user": 2,
        "content_type": 12,
        "object_id": "2",
        "object_repr": "Ungravity - GLASS",
        "action_flag": 2,
        "change_message": "[{\"changed\": {\"fields\": [\"Title\", \"Detail\", \"Image\", \"Slug\"]}}]"
    }
}, {
    "model": "admin.logentry",
    "pk": 82,
    "fields": {
        "action_time": "2024-08-11T19:50:44.890Z",
        "user": 2,
        "content_type": 12,
        "object_id": "9",
        "object_repr": "LKKM - GLASS",
        "action_flag": 2,
        "change_message": "[{\"changed\": {\"fields\": [\"Detail\", \"Image\"]}}]"
    }
}, {
    "model": "admin.logentry",
    "pk": 83,
    "fields": {
        "action_time": "2024-08-11T19:51:40.325Z",
        "user": 2,
        "content_type": 12,
        "object_id": "3",
        "object_repr": "M.resul - MDF",
        "action_flag": 2,
        "change_message": "[{\"changed\": {\"fields\": [\"Image\"]}}]"
    }
}, {
    "model": "admin.logentry",
    "pk": 84,
    "fields": {
        "action_time": "2024-08-11T19:51:50.642Z",
        "user": 2,
        "content_type": 12,
        "object_id": "1",
        "object_repr": "M.resul - GLASS",
        "action_flag": 2,
        "change_message": "[{\"changed\": {\"fields\": [\"Image\"]}}]"
    }
}, {
    "model": "admin.logentry",
    "pk": 85,
    "fields": {
        "action_time": "2024-08-11T19:53:41.300Z",
        "user": 2,
        "content_type": 12,
        "object_id": "8",
        "object_repr": "DIASD - GLASS",
        "action_flag": 2,
        "change_message": "[{\"changed\": {\"fields\": [\"Detail\", \"Image\"]}}]"
    }
}, {
    "model": "admin.logentry",
    "pk": 86,
    "fields": {
        "action_time": "2024-08-12T14:55:08.706Z",
        "user": 1,
        "content_type": 6,
        "object_id": "1",
        "object_repr": "SliderIMGs/Luxury-open-living-room-ideas-before-and-after.jpg 1",
        "action_flag": 2,
        "change_message": "[{\"changed\": {\"fields\": [\"Header [az]\", \"Text [az]\", \"Btn text [az]\"]}}]"
    }
}, {
    "model": "admin.logentry",
    "pk": 87,
    "fields": {
        "action_time": "2024-08-12T14:55:48.241Z",
        "user": 1,
        "content_type": 6,
        "object_id": "2",
        "object_repr": "SliderIMGs/Modern-Bedroom-Design.jpg 2",
        "action_flag": 2,
        "change_message": "[{\"changed\": {\"fields\": [\"Header [az]\", \"Text [az]\", \"Btn text [az]\"]}}]"
    }
}, {
    "model": "admin.logentry",
    "pk": 88,
    "fields": {
        "action_time": "2024-08-12T15:01:29.344Z",
        "user": 1,
        "content_type": 8,
        "object_id": "1",
        "object_repr": "Şəhər",
        "action_flag": 2,
        "change_message": "[{\"changed\": {\"fields\": [\"Title [az]\"]}}]"
    }
}, {
    "model": "admin.logentry",
    "pk": 89,
    "fields": {
        "action_time": "2024-08-12T15:01:42.541Z",
        "user": 1,
        "content_type": 8,
        "object_id": "2",
        "object_repr": "Mənzərə",
        "action_flag": 2,
        "change_message": "[{\"changed\": {\"fields\": [\"Title [az]\"]}}]"
    }
}, {
    "model": "admin.logentry",
    "pk": 90,
    "fields": {
        "action_time": "2024-08-12T15:01:53.360Z",
        "user": 1,
        "content_type": 8,
        "object_id": "3",
        "object_repr": "Yol",
        "action_flag": 2,
        "change_message": "[{\"changed\": {\"fields\": [\"Title [az]\"]}}]"
    }
}, {
    "model": "admin.logentry",
    "pk": 91,
    "fields": {
        "action_time": "2024-08-12T15:02:56.081Z",
        "user": 1,
        "content_type": 12,
        "object_id": "1",
        "object_repr": "Məməd Əmin Rəsulzadə - GLASS",
        "action_flag": 2,
        "change_message": "[{\"changed\": {\"fields\": [\"Title [az]\", \"Description [az]\", \"Description [ru]\", \"Description [en]\", \"Detail [az]\", \"Detail [ru]\", \"Detail [en]\"]}}]"
    }
}, {
    "model": "admin.logentry",
    "pk": 92,
    "fields": {
        "action_time": "2024-08-12T15:03:18.591Z",
        "user": 1,
        "content_type": 12,
        "object_id": "2",
        "object_repr": "Ungravity - GLASS",
        "action_flag": 2,
        "change_message": "[{\"changed\": {\"fields\": [\"Title [az]\", \"Description [az]\", \"Description [ru]\", \"Description [en]\", \"Detail [az]\", \"Detail [ru]\", \"Detail [en]\"]}}]"
    }
}, {
    "model": "admin.logentry",
    "pk": 93,
    "fields": {
        "action_time": "2024-08-12T15:03:37.193Z",
        "user": 1,
        "content_type": 12,
        "object_id": "3",
        "object_repr": "Məməd Əmin Rəsulzadə - MDF",
        "action_flag": 2,
        "change_message": "[{\"changed\": {\"fields\": [\"Title [az]\", \"Description [az]\", \"Description [ru]\", \"Description [en]\", \"Detail [az]\", \"Detail [ru]\", \"Detail [en]\"]}}]"
    }
}, {
    "model": "admin.logentry",
    "pk": 94,
    "fields": {
        "action_time": "2024-08-12T15:04:04.406Z",
        "user": 1,
        "content_type": 12,
        "object_id": "4",
        "object_repr": "Bakı buxtası - GLASS",
        "action_flag": 2,
        "change_message": "[{\"changed\": {\"fields\": [\"Title [az]\", \"Description [az]\", \"Description [ru]\", \"Description [en]\", \"Detail [az]\", \"Detail [ru]\", \"Detail [en]\"]}}]"
    }
}, {
    "model": "admin.logentry",
    "pk": 95,
    "fields": {
        "action_time": "2024-08-12T15:04:25.639Z",
        "user": 1,
        "content_type": 12,
        "object_id": "5",
        "object_repr": "Bakı memarisi - GLASS",
        "action_flag": 2,
        "change_message": "[{\"changed\": {\"fields\": [\"Title [az]\", \"Description [az]\", \"Description [ru]\", \"Description [en]\", \"Detail [az]\", \"Detail [ru]\", \"Detail [en]\"]}}]"
    }
}, {
    "model": "admin.logentry",
    "pk": 96,
    "fields": {
        "action_time": "2024-08-12T15:04:40.361Z",
        "user": 1,
        "content_type": 12,
        "object_id": "6",
        "object_repr": "SuperStock - GLASS",
        "action_flag": 2,
        "change_message": "[{\"changed\": {\"fields\": [\"Title [az]\", \"Description [az]\", \"Description [ru]\", \"Description [en]\", \"Detail [az]\", \"Detail [ru]\", \"Detail [en]\"]}}]"
    }
}, {
    "model": "admin.logentry",
    "pk": 97,
    "fields": {
        "action_time": "2024-08-12T15:05:00.032Z",
        "user": 1,
        "content_type": 12,
        "object_id": "7",
        "object_repr": "Glasstech terminal - MDF",
        "action_flag": 2,
        "change_message": "[{\"changed\": {\"fields\": [\"Title [az]\", \"Description [az]\", \"Description [ru]\", \"Description [en]\", \"Detail [az]\", \"Detail [ru]\", \"Detail [en]\"]}}]"
    }
}, {
    "model": "admin.logentry",
    "pk": 98,
    "fields": {
        "action_time": "2024-08-12T15:05:17.929Z",
        "user": 1,
        "content_type": 12,
        "object_id": "8",
        "object_repr": "Modern Klassika - GLASS",
        "action_flag": 2,
        "change_message": "[{\"changed\": {\"fields\": [\"Title [az]\", \"Description [az]\", \"Description [ru]\", \"Description [en]\", \"Detail [az]\", \"Detail [ru]\", \"Detail [en]\"]}}]"
    }
}, {
    "model": "admin.logentry",
    "pk": 99,
    "fields": {
        "action_time": "2024-08-12T15:05:54.697Z",
        "user": 1,
        "content_type": 12,
        "object_id": "9",
        "object_repr": "Varşava gecələri - GLASS",
        "action_flag": 2,
        "change_message": "[{\"changed\": {\"fields\": [\"Title [az]\", \"Description [az]\", \"Description [ru]\", \"Description [en]\", \"Detail [az]\", \"Detail [ru]\", \"Detail [en]\"]}}]"
    }
}, {
    "model": "admin.logentry",
    "pk": 100,
    "fields": {
        "action_time": "2024-08-12T15:06:13.769Z",
        "user": 1,
        "content_type": 12,
        "object_id": "10",
        "object_repr": "Ağac - GLASS",
        "action_flag": 2,
        "change_message": "[{\"changed\": {\"fields\": [\"Title [az]\", \"Description [az]\", \"Description [ru]\", \"Description [en]\", \"Detail [az]\", \"Detail [ru]\", \"Detail [en]\"]}}]"
    }
}, {
    "model": "admin.logentry",
    "pk": 101,
    "fields": {
        "action_time": "2024-08-13T10:32:40.703Z",
        "user": 1,
        "content_type": 12,
        "object_id": "10",
        "object_repr": "Ağac - GLASS",
        "action_flag": 2,
        "change_message": "[{\"changed\": {\"fields\": [\"Description [az]\", \"Detail [az]\"]}}]"
    }
}, {
    "model": "admin.logentry",
    "pk": 102,
    "fields": {
        "action_time": "2024-08-13T10:33:12.053Z",
        "user": 1,
        "content_type": 12,
        "object_id": "10",
        "object_repr": "Ağac - GLASS",
        "action_flag": 2,
        "change_message": "[{\"changed\": {\"fields\": [\"Description [ru]\", \"Description [en]\", \"Detail [ru]\", \"Detail [en]\"]}}]"
    }
}, {
    "model": "auth.permission",
    "pk": 1,
    "fields": {
        "name": "Can add log entry",
        "content_type": 1,
        "codename": "add_logentry"
    }
}, {
    "model": "auth.permission",
    "pk": 2,
    "fields": {
        "name": "Can change log entry",
        "content_type": 1,
        "codename": "change_logentry"
    }
}, {
    "model": "auth.permission",
    "pk": 3,
    "fields": {
        "name": "Can delete log entry",
        "content_type": 1,
        "codename": "delete_logentry"
    }
}, {
    "model": "auth.permission",
    "pk": 4,
    "fields": {
        "name": "Can view log entry",
        "content_type": 1,
        "codename": "view_logentry"
    }
}, {
    "model": "auth.permission",
    "pk": 5,
    "fields": {
        "name": "Can add permission",
        "content_type": 2,
        "codename": "add_permission"
    }
}, {
    "model": "auth.permission",
    "pk": 6,
    "fields": {
        "name": "Can change permission",
        "content_type": 2,
        "codename": "change_permission"
    }
}, {
    "model": "auth.permission",
    "pk": 7,
    "fields": {
        "name": "Can delete permission",
        "content_type": 2,
        "codename": "delete_permission"
    }
}, {
    "model": "auth.permission",
    "pk": 8,
    "fields": {
        "name": "Can view permission",
        "content_type": 2,
        "codename": "view_permission"
    }
}, {
    "model": "auth.permission",
    "pk": 9,
    "fields": {
        "name": "Can add group",
        "content_type": 3,
        "codename": "add_group"
    }
}, {
    "model": "auth.permission",
    "pk": 10,
    "fields": {
        "name": "Can change group",
        "content_type": 3,
        "codename": "change_group"
    }
}, {
    "model": "auth.permission",
    "pk": 11,
    "fields": {
        "name": "Can delete group",
        "content_type": 3,
        "codename": "delete_group"
    }
}, {
    "model": "auth.permission",
    "pk": 12,
    "fields": {
        "name": "Can view group",
        "content_type": 3,
        "codename": "view_group"
    }
}, {
    "model": "auth.permission",
    "pk": 13,
    "fields": {
        "name": "Can add content type",
        "content_type": 4,
        "codename": "add_contenttype"
    }
}, {
    "model": "auth.permission",
    "pk": 14,
    "fields": {
        "name": "Can change content type",
        "content_type": 4,
        "codename": "change_contenttype"
    }
}, {
    "model": "auth.permission",
    "pk": 15,
    "fields": {
        "name": "Can delete content type",
        "content_type": 4,
        "codename": "delete_contenttype"
    }
}, {
    "model": "auth.permission",
    "pk": 16,
    "fields": {
        "name": "Can view content type",
        "content_type": 4,
        "codename": "view_contenttype"
    }
}, {
    "model": "auth.permission",
    "pk": 17,
    "fields": {
        "name": "Can add session",
        "content_type": 5,
        "codename": "add_session"
    }
}, {
    "model": "auth.permission",
    "pk": 18,
    "fields": {
        "name": "Can change session",
        "content_type": 5,
        "codename": "change_session"
    }
}, {
    "model": "auth.permission",
    "pk": 19,
    "fields": {
        "name": "Can delete session",
        "content_type": 5,
        "codename": "delete_session"
    }
}, {
    "model": "auth.permission",
    "pk": 20,
    "fields": {
        "name": "Can view session",
        "content_type": 5,
        "codename": "view_session"
    }
}, {
    "model": "auth.permission",
    "pk": 21,
    "fields": {
        "name": "Can add slider img",
        "content_type": 6,
        "codename": "add_sliderimg"
    }
}, {
    "model": "auth.permission",
    "pk": 22,
    "fields": {
        "name": "Can change slider img",
        "content_type": 6,
        "codename": "change_sliderimg"
    }
}, {
    "model": "auth.permission",
    "pk": 23,
    "fields": {
        "name": "Can delete slider img",
        "content_type": 6,
        "codename": "delete_sliderimg"
    }
}, {
    "model": "auth.permission",
    "pk": 24,
    "fields": {
        "name": "Can view slider img",
        "content_type": 6,
        "codename": "view_sliderimg"
    }
}, {
    "model": "auth.permission",
    "pk": 25,
    "fields": {
        "name": "Can add artist",
        "content_type": 7,
        "codename": "add_artist"
    }
}, {
    "model": "auth.permission",
    "pk": 26,
    "fields": {
        "name": "Can change artist",
        "content_type": 7,
        "codename": "change_artist"
    }
}, {
    "model": "auth.permission",
    "pk": 27,
    "fields": {
        "name": "Can delete artist",
        "content_type": 7,
        "codename": "delete_artist"
    }
}, {
    "model": "auth.permission",
    "pk": 28,
    "fields": {
        "name": "Can view artist",
        "content_type": 7,
        "codename": "view_artist"
    }
}, {
    "model": "auth.permission",
    "pk": 29,
    "fields": {
        "name": "Can add category",
        "content_type": 8,
        "codename": "add_category"
    }
}, {
    "model": "auth.permission",
    "pk": 30,
    "fields": {
        "name": "Can change category",
        "content_type": 8,
        "codename": "change_category"
    }
}, {
    "model": "auth.permission",
    "pk": 31,
    "fields": {
        "name": "Can delete category",
        "content_type": 8,
        "codename": "delete_category"
    }
}, {
    "model": "auth.permission",
    "pk": 32,
    "fields": {
        "name": "Can view category",
        "content_type": 8,
        "codename": "view_category"
    }
}, {
    "model": "auth.permission",
    "pk": 33,
    "fields": {
        "name": "Can add coupon",
        "content_type": 9,
        "codename": "add_coupon"
    }
}, {
    "model": "auth.permission",
    "pk": 34,
    "fields": {
        "name": "Can change coupon",
        "content_type": 9,
        "codename": "change_coupon"
    }
}, {
    "model": "auth.permission",
    "pk": 35,
    "fields": {
        "name": "Can delete coupon",
        "content_type": 9,
        "codename": "delete_coupon"
    }
}, {
    "model": "auth.permission",
    "pk": 36,
    "fields": {
        "name": "Can view coupon",
        "content_type": 9,
        "codename": "view_coupon"
    }
}, {
    "model": "auth.permission",
    "pk": 37,
    "fields": {
        "name": "Can add frame",
        "content_type": 10,
        "codename": "add_frame"
    }
}, {
    "model": "auth.permission",
    "pk": 38,
    "fields": {
        "name": "Can change frame",
        "content_type": 10,
        "codename": "change_frame"
    }
}, {
    "model": "auth.permission",
    "pk": 39,
    "fields": {
        "name": "Can delete frame",
        "content_type": 10,
        "codename": "delete_frame"
    }
}, {
    "model": "auth.permission",
    "pk": 40,
    "fields": {
        "name": "Can view frame",
        "content_type": 10,
        "codename": "view_frame"
    }
}, {
    "model": "auth.permission",
    "pk": 41,
    "fields": {
        "name": "Can add size",
        "content_type": 11,
        "codename": "add_size"
    }
}, {
    "model": "auth.permission",
    "pk": 42,
    "fields": {
        "name": "Can change size",
        "content_type": 11,
        "codename": "change_size"
    }
}, {
    "model": "auth.permission",
    "pk": 43,
    "fields": {
        "name": "Can delete size",
        "content_type": 11,
        "codename": "delete_size"
    }
}, {
    "model": "auth.permission",
    "pk": 44,
    "fields": {
        "name": "Can view size",
        "content_type": 11,
        "codename": "view_size"
    }
}, {
    "model": "auth.permission",
    "pk": 45,
    "fields": {
        "name": "Can add product",
        "content_type": 12,
        "codename": "add_product"
    }
}, {
    "model": "auth.permission",
    "pk": 46,
    "fields": {
        "name": "Can change product",
        "content_type": 12,
        "codename": "change_product"
    }
}, {
    "model": "auth.permission",
    "pk": 47,
    "fields": {
        "name": "Can delete product",
        "content_type": 12,
        "codename": "delete_product"
    }
}, {
    "model": "auth.permission",
    "pk": 48,
    "fields": {
        "name": "Can view product",
        "content_type": 12,
        "codename": "view_product"
    }
}, {
    "model": "auth.permission",
    "pk": 49,
    "fields": {
        "name": "Can add product discount",
        "content_type": 13,
        "codename": "add_productdiscount"
    }
}, {
    "model": "auth.permission",
    "pk": 50,
    "fields": {
        "name": "Can change product discount",
        "content_type": 13,
        "codename": "change_productdiscount"
    }
}, {
    "model": "auth.permission",
    "pk": 51,
    "fields": {
        "name": "Can delete product discount",
        "content_type": 13,
        "codename": "delete_productdiscount"
    }
}, {
    "model": "auth.permission",
    "pk": 52,
    "fields": {
        "name": "Can view product discount",
        "content_type": 13,
        "codename": "view_productdiscount"
    }
}, {
    "model": "auth.permission",
    "pk": 53,
    "fields": {
        "name": "Can add used coupon",
        "content_type": 14,
        "codename": "add_usedcoupon"
    }
}, {
    "model": "auth.permission",
    "pk": 54,
    "fields": {
        "name": "Can change used coupon",
        "content_type": 14,
        "codename": "change_usedcoupon"
    }
}, {
    "model": "auth.permission",
    "pk": 55,
    "fields": {
        "name": "Can delete used coupon",
        "content_type": 14,
        "codename": "delete_usedcoupon"
    }
}, {
    "model": "auth.permission",
    "pk": 56,
    "fields": {
        "name": "Can view used coupon",
        "content_type": 14,
        "codename": "view_usedcoupon"
    }
}, {
    "model": "auth.permission",
    "pk": 57,
    "fields": {
        "name": "Can add user",
        "content_type": 15,
        "codename": "add_user"
    }
}, {
    "model": "auth.permission",
    "pk": 58,
    "fields": {
        "name": "Can change user",
        "content_type": 15,
        "codename": "change_user"
    }
}, {
    "model": "auth.permission",
    "pk": 59,
    "fields": {
        "name": "Can delete user",
        "content_type": 15,
        "codename": "delete_user"
    }
}, {
    "model": "auth.permission",
    "pk": 60,
    "fields": {
        "name": "Can view user",
        "content_type": 15,
        "codename": "view_user"
    }
}, {
    "model": "auth.permission",
    "pk": 61,
    "fields": {
        "name": "Can add user address",
        "content_type": 16,
        "codename": "add_useraddress"
    }
}, {
    "model": "auth.permission",
    "pk": 62,
    "fields": {
        "name": "Can change user address",
        "content_type": 16,
        "codename": "change_useraddress"
    }
}, {
    "model": "auth.permission",
    "pk": 63,
    "fields": {
        "name": "Can delete user address",
        "content_type": 16,
        "codename": "delete_useraddress"
    }
}, {
    "model": "auth.permission",
    "pk": 64,
    "fields": {
        "name": "Can view user address",
        "content_type": 16,
        "codename": "view_useraddress"
    }
}, {
    "model": "auth.permission",
    "pk": 65,
    "fields": {
        "name": "Can add basket item",
        "content_type": 17,
        "codename": "add_basketitem"
    }
}, {
    "model": "auth.permission",
    "pk": 66,
    "fields": {
        "name": "Can change basket item",
        "content_type": 17,
        "codename": "change_basketitem"
    }
}, {
    "model": "auth.permission",
    "pk": 67,
    "fields": {
        "name": "Can delete basket item",
        "content_type": 17,
        "codename": "delete_basketitem"
    }
}, {
    "model": "auth.permission",
    "pk": 68,
    "fields": {
        "name": "Can view basket item",
        "content_type": 17,
        "codename": "view_basketitem"
    }
}, {
    "model": "auth.permission",
    "pk": 69,
    "fields": {
        "name": "Can add basket",
        "content_type": 18,
        "codename": "add_basket"
    }
}, {
    "model": "auth.permission",
    "pk": 70,
    "fields": {
        "name": "Can change basket",
        "content_type": 18,
        "codename": "change_basket"
    }
}, {
    "model": "auth.permission",
    "pk": 71,
    "fields": {
        "name": "Can delete basket",
        "content_type": 18,
        "codename": "delete_basket"
    }
}, {
    "model": "auth.permission",
    "pk": 72,
    "fields": {
        "name": "Can view basket",
        "content_type": 18,
        "codename": "view_basket"
    }
}, {
    "model": "auth.permission",
    "pk": 73,
    "fields": {
        "name": "Can add order",
        "content_type": 19,
        "codename": "add_order"
    }
}, {
    "model": "auth.permission",
    "pk": 74,
    "fields": {
        "name": "Can change order",
        "content_type": 19,
        "codename": "change_order"
    }
}, {
    "model": "auth.permission",
    "pk": 75,
    "fields": {
        "name": "Can delete order",
        "content_type": 19,
        "codename": "delete_order"
    }
}, {
    "model": "auth.permission",
    "pk": 76,
    "fields": {
        "name": "Can view order",
        "content_type": 19,
        "codename": "view_order"
    }
}, {
    "model": "auth.permission",
    "pk": 77,
    "fields": {
        "name": "Can add order item",
        "content_type": 20,
        "codename": "add_orderitem"
    }
}, {
    "model": "auth.permission",
    "pk": 78,
    "fields": {
        "name": "Can change order item",
        "content_type": 20,
        "codename": "change_orderitem"
    }
}, {
    "model": "auth.permission",
    "pk": 79,
    "fields": {
        "name": "Can delete order item",
        "content_type": 20,
        "codename": "delete_orderitem"
    }
}, {
    "model": "auth.permission",
    "pk": 80,
    "fields": {
        "name": "Can view order item",
        "content_type": 20,
        "codename": "view_orderitem"
    }
}, {
    "model": "auth.permission",
    "pk": 81,
    "fields": {
        "name": "Can add user wishlist",
        "content_type": 21,
        "codename": "add_userwishlist"
    }
}, {
    "model": "auth.permission",
    "pk": 82,
    "fields": {
        "name": "Can change user wishlist",
        "content_type": 21,
        "codename": "change_userwishlist"
    }
}, {
    "model": "auth.permission",
    "pk": 83,
    "fields": {
        "name": "Can delete user wishlist",
        "content_type": 21,
        "codename": "delete_userwishlist"
    }
}, {
    "model": "auth.permission",
    "pk": 84,
    "fields": {
        "name": "Can view user wishlist",
        "content_type": 21,
        "codename": "view_userwishlist"
    }
}, {
    "model": "auth.permission",
    "pk": 85,
    "fields": {
        "name": "Can add user wishlist item",
        "content_type": 22,
        "codename": "add_userwishlistitem"
    }
}, {
    "model": "auth.permission",
    "pk": 86,
    "fields": {
        "name": "Can change user wishlist item",
        "content_type": 22,
        "codename": "change_userwishlistitem"
    }
}, {
    "model": "auth.permission",
    "pk": 87,
    "fields": {
        "name": "Can delete user wishlist item",
        "content_type": 22,
        "codename": "delete_userwishlistitem"
    }
}, {
    "model": "auth.permission",
    "pk": 88,
    "fields": {
        "name": "Can view user wishlist item",
        "content_type": 22,
        "codename": "view_userwishlistitem"
    }
}, {
    "model": "auth.permission",
    "pk": 89,
    "fields": {
        "name": "Can add comments",
        "content_type": 23,
        "codename": "add_comments"
    }
}, {
    "model": "auth.permission",
    "pk": 90,
    "fields": {
        "name": "Can change comments",
        "content_type": 23,
        "codename": "change_comments"
    }
}, {
    "model": "auth.permission",
    "pk": 91,
    "fields": {
        "name": "Can delete comments",
        "content_type": 23,
        "codename": "delete_comments"
    }
}, {
    "model": "auth.permission",
    "pk": 92,
    "fields": {
        "name": "Can view comments",
        "content_type": 23,
        "codename": "view_comments"
    }
}, {
    "model": "contenttypes.contenttype",
    "pk": 1,
    "fields": {
        "app_label": "admin",
        "model": "logentry"
    }
}, {
    "model": "contenttypes.contenttype",
    "pk": 2,
    "fields": {
        "app_label": "auth",
        "model": "permission"
    }
}, {
    "model": "contenttypes.contenttype",
    "pk": 3,
    "fields": {
        "app_label": "auth",
        "model": "group"
    }
}, {
    "model": "contenttypes.contenttype",
    "pk": 4,
    "fields": {
        "app_label": "contenttypes",
        "model": "contenttype"
    }
}, {
    "model": "contenttypes.contenttype",
    "pk": 5,
    "fields": {
        "app_label": "sessions",
        "model": "session"
    }
}, {
    "model": "contenttypes.contenttype",
    "pk": 6,
    "fields": {
        "app_label": "core",
        "model": "sliderimg"
    }
}, {
    "model": "contenttypes.contenttype",
    "pk": 7,
    "fields": {
        "app_label": "product",
        "model": "artist"
    }
}, {
    "model": "contenttypes.contenttype",
    "pk": 8,
    "fields": {
        "app_label": "product",
        "model": "category"
    }
}, {
    "model": "contenttypes.contenttype",
    "pk": 9,
    "fields": {
        "app_label": "product",
        "model": "coupon"
    }
}, {
    "model": "contenttypes.contenttype",
    "pk": 10,
    "fields": {
        "app_label": "product",
        "model": "frame"
    }
}, {
    "model": "contenttypes.contenttype",
    "pk": 11,
    "fields": {
        "app_label": "product",
        "model": "size"
    }
}, {
    "model": "contenttypes.contenttype",
    "pk": 12,
    "fields": {
        "app_label": "product",
        "model": "product"
    }
}, {
    "model": "contenttypes.contenttype",
    "pk": 13,
    "fields": {
        "app_label": "product",
        "model": "productdiscount"
    }
}, {
    "model": "contenttypes.contenttype",
    "pk": 14,
    "fields": {
        "app_label": "product",
        "model": "usedcoupon"
    }
},  {
    "model": "contenttypes.contenttype",
    "pk": 17,
    "fields": {
        "app_label": "order",
        "model": "basketitem"
    }
},  {
    "model": "sessions.session",
    "pk": "09liq8xzpbb50g6nflehfdst5y3ldcl4",
    "fields": {
        "session_data": ".eJxVjDsOwjAQBe_iGllrx7-lpOcM1tpr4wBKpDipEHeHSCmgfTPzXiLStra49bLEkcVZKHH63RLlR5l2wHeabrPM87QuY5K7Ig_a5XXm8rwc7t9Bo96-dQUwnp12lkmphElbVCUTmoGQA0A11g9eswHAmrwPmYwzTgdEGJjF-wPFvjbp:1sBVrG:XNckmg0ys6HyuSJ9yqGjUiVhc9yE1XK1xOz7q4-qzqA",
        "expire_date": "2024-06-10T08:37:30.265Z"
    }
}, {
    "model": "sessions.session",
    "pk": "0m7zra52aqezh7xy70h9keir2wc8ibv4",
    "fields": {
        "session_data": ".eJxVjL0OwyAQg9-FuUIHx0_UsXufAQEHJW0FUkimqO9eImVoN9uf7Z05v63FbT0tbiZ2ZZJdfrPg4yvVA9DT10fjsdV1mQM_Kvyknd8bpfft7P4dFN_LWE_KUtQqCO0JSBqQKBCGUxEyUjCYh8acyIC3Kk9CkEGTQdoglAb2-QLOQTcb:1sRE7e:ul0PeODlSbYrsmK0dnRRYpR5BOzaIC3-SmibWlzeN_M",
        "expire_date": "2024-07-23T16:55:22.306Z"
    }
}, {
    "model": "sessions.session",
    "pk": "18jphp15ut51lway2orz0kb4uw7blv81",
    "fields": {
        "session_data": ".eJxVjL0OwyAQg9-FuUIHx0_UsXufAQEHJW0FUkimqO9eImVoN9uf7Z05v63FbT0tbiZ2ZZJdfrPg4yvVA9DT10fjsdV1mQM_Kvyknd8bpfft7P4dFN_LWE_KUtQqCO0JSBqQKBCGUxEyUjCYh8acyIC3Kk9CkEGTQdoglAb2-QLOQTcb:1sBh15:YiAfmuAnTu_LYyluvfY-CknYbnzqvSYCiucrKFG1yaI",
        "expire_date": "2024-06-10T20:32:23.035Z"
    }
}, {
    "model": "sessions.session",
    "pk": "1cmbeo59bt5u52k18i05a5etvk8aidjy",
    "fields": {
        "session_data": ".eJxVjDsOwjAQBe_iGllrx7-lpOcM1tpr4wBKpDipEHeHSCmgfTPzXiLStra49bLEkcVZKHH63RLlR5l2wHeabrPM87QuY5K7Ig_a5XXm8rwc7t9Bo96-dQUwnp12lkmphElbVCUTmoGQA0A11g9eswHAmrwPmYwzTgdEGJjF-wPFvjbp:1sAaMA:lV7qG_1Xn7IRw0bOeb_g8e11e_8uFCyKr_0Er9lSGZg",
        "expire_date": "2024-06-07T19:13:34.080Z"
    }
}, {
    "model": "sessions.session",
    "pk": "2cozm1oxfpzww3tdqyg9fopsfv7hhk57",
    "fields": {
        "session_data": ".eJxVjDsOwjAQBe_iGllrx7-lpOcM1tpr4wBKpDipEHeHSCmgfTPzXiLStra49bLEkcVZKHH63RLlR5l2wHeabrPM87QuY5K7Ig_a5XXm8rwc7t9Bo96-dQUwnp12lkmphElbVCUTmoGQA0A11g9eswHAmrwPmYwzTgdEGJjF-wPFvjbp:1sRtY0:jUfuzo4aHd3nsqKnBRFNyfu8Jw0n0VXMX04qaehse40",
        "expire_date": "2024-07-25T13:09:20.196Z"
    }
}, {
    "model": "sessions.session",
    "pk": "2lkong0hi2jhk3hzgewcay4ww68vyaue",
    "fields": {
        "session_data": ".eJxVjDsOwjAQBe_iGllrx7-lpOcM1tpr4wBKpDipEHeHSCmgfTPzXiLStra49bLEkcVZKHH63RLlR5l2wHeabrPM87QuY5K7Ig_a5XXm8rwc7t9Bo96-dQUwnp12lkmphElbVCUTmoGQA0A11g9eswHAmrwPmYwzTgdEGJjF-wPFvjbp:1sEVlv:BBiAj_rU1ItK9IffXDs4riiErP45e8MeaBwdRNTQjTs",
        "expire_date": "2024-06-18T15:08:23.762Z"
    }
}, {
    "model": "sessions.session",
    "pk": "2ns4y5ghyma0loqbe8b93ozvuut9rr7h",
    "fields": {
        "session_data": ".eJxVjDsOwjAQBe_iGllrx7-lpOcM1tpr4wBKpDipEHeHSCmgfTPzXiLStra49bLEkcVZKHH63RLlR5l2wHeabrPM87QuY5K7Ig_a5XXm8rwc7t9Bo96-dQUwnp12lkmphElbVCUTmoGQA0A11g9eswHAmrwPmYwzTgdEGJjF-wPFvjbp:1scNwB:BYVnd3bdyjD7LxBMPgw-c6VkMDzH_8S1Gj1u177_k5A",
        "expire_date": "2024-08-23T11:37:39.013Z"
    }
}, {
    "model": "sessions.session",
    "pk": "4omgihlw0h2x0ltebggakqy5art5df6f",
    "fields": {
        "session_data": ".eJxVjDsOwjAQBe_iGllrx7-lpOcM1tpr4wBKpDipEHeHSCmgfTPzXiLStra49bLEkcVZKHH63RLlR5l2wHeabrPM87QuY5K7Ig_a5XXm8rwc7t9Bo96-dQUwnp12lkmphElbVCUTmoGQA0A11g9eswHAmrwPmYwzTgdEGJjF-wPFvjbp:1sRwzd:3F9WagcJCNROtMvZM6006pyutMgAh6IRBnJ7_DEhPR0",
        "expire_date": "2024-07-25T16:50:05.557Z"
    }
}, {
    "model": "sessions.session",
    "pk": "4xhnq73m5cg56z28bib0nww857uxyn9x",
    "fields": {
        "session_data": ".eJxVjMsOwiAQAP-FsyE8ti149O43kGVZpGpoUtqT8d-VpAe9zkzmJQLuWwl74zXMSZzFIE6_LCI9uHaR7lhvi6SlbuscZU_kYZu8Lomfl6P9GxRspW8BNXk12HH0bCCCBwXKgtHGTORdTpmt9plS1uCTckzRfjE4O1kiFO8Pt-I3Uw:1seVBE:0-5PT91Us0EhR5doU3FUdJGM9rIfTAhST13qCligzDI",
        "expire_date": "2024-08-29T07:45:56.135Z"
    }
}, {
    "model": "sessions.session",
    "pk": "6p5x0wx4z0osqufmsrnj97v13n4ilvrq",
    "fields": {
        "session_data": ".eJxVjDsOwjAQBe_iGllrx7-lpOcM1tpr4wBKpDipEHeHSCmgfTPzXiLStra49bLEkcVZKHH63RLlR5l2wHeabrPM87QuY5K7Ig_a5XXm8rwc7t9Bo96-dQUwnp12lkmphElbVCUTmoGQA0A11g9eswHAmrwPmYwzTgdEGJjF-wPFvjbp:1sdop5:h2x-k1K62YeUJMNOcv8wMpm36F8Az3Yfv-KXAWLrxk8",
        "expire_date": "2024-08-27T10:32:15.315Z"
    }
}, {
    "model": "sessions.session",
    "pk": "97tx44os65fajjuhdpatg3gpx78dg64u",
    "fields": {
        "session_data": ".eJxVjMEOwiAQRP-FsyEtZQt49N5vILuwSNVAUtqT8d9tkx70Npn3Zt7C47ZmvzVe_BzFVShx-e0Iw5PLAeIDy73KUMu6zCQPRZ60yalGft1O9-8gY8v7OtkhslNu1AAmJG1jUmC5oyEQAaQEFpBsGgx3WqMeIfZk9sDErucgPl_vAjh7:1scn1v:kielBSYANJBaLnTvYCfD0-eHVMkfV5xEJDlqpRXilis",
        "expire_date": "2024-08-24T14:25:15.987Z"
    }
}, {
    "model": "sessions.session",
    "pk": "9f6xuedxsfz9v9jjyesftqky7dwtbtbs",
    "fields": {
        "session_data": ".eJxVjDkOwjAUBe_iGllO4jj-lPScwfqbcQA5UpYKcXeIlALaNzPvZRJua0nbonMaxZxNa06_GyE_tO5A7lhvk-WprvNIdlfsQRd7nUSfl8P9Oyi4lG9NOQbMg5cAECEj-dAL9J6QtGFWbhyAo5gDKEYJ2itwYHFdp0PbefP-AAssOLc:1s9j1G:681_Bu90rsMubADCDCMzaZTBd7sOX4U6Y4HAXi2GKfI",
        "expire_date": "2024-06-05T10:16:26.356Z"
    }
}, {
    "model": "sessions.session",
    "pk": "9qkxjatbcykmfgryibh1t174hee1xjc6",
    "fields": {
        "session_data": ".eJxVjL0OwyAQg9-FuUIHx0_UsXufAQEHJW0FUkimqO9eImVoN9uf7Z05v63FbT0tbiZ2ZZJdfrPg4yvVA9DT10fjsdV1mQM_Kvyknd8bpfft7P4dFN_LWE_KUtQqCO0JSBqQKBCGUxEyUjCYh8acyIC3Kk9CkEGTQdoglAb2-QLOQTcb:1sQsal:gVBbHd6l_IndJnJKp8DnN2i9t1naeJ0ztvoYehSdwBY",
        "expire_date": "2024-07-22T17:55:59.668Z"
    }
}, {
    "model": "sessions.session",
    "pk": "9r2clvg0nt8atly0ik39smzu22xiva8g",
    "fields": {
        "session_data": ".eJxVjL0OwyAQg9-FuUIHx0_UsXufAQEHJW0FUkimqO9eImVoN9uf7Z05v63FbT0tbiZ2ZZJdfrPg4yvVA9DT10fjsdV1mQM_Kvyknd8bpfft7P4dFN_LWE_KUtQqCO0JSBqQKBCGUxEyUjCYh8acyIC3Kk9CkEGTQdoglAb2-QLOQTcb:1sRE7x:3dw_vuRrXHPbPhL1NF94_gVLqibHoIqIu9Lf7SXVLMw",
        "expire_date": "2024-07-23T16:55:41.335Z"
    }
}, {
    "model": "sessions.session",
    "pk": "9z96pgby4tj4p67ca7sup3p4y6jjgitq",
    "fields": {
        "session_data": ".eJxVjDsOwjAQBe_iGllrx7-lpOcM1tpr4wBKpDipEHeHSCmgfTPzXiLStra49bLEkcVZKHH63RLlR5l2wHeabrPM87QuY5K7Ig_a5XXm8rwc7t9Bo96-dQUwnp12lkmphElbVCUTmoGQA0A11g9eswHAmrwPmYwzTgdEGJjF-wPFvjbp:1sAYu2:xHY0f7o_MyFVweU8p7JG4rQvlZ0BOFpLI4h85fYeTyk",
        "expire_date": "2024-06-07T17:40:26.137Z"
    }
}, {
    "model": "sessions.session",
    "pk": "aain80pe41znm5jpd5z7rydg07b7epf1",
    "fields": {
        "session_data": ".eJxVjDsOwjAQBe_iGllrx7-lpOcM1tpr4wBKpDipEHeHSCmgfTPzXiLStra49bLEkcVZKHH63RLlR5l2wHeabrPM87QuY5K7Ig_a5XXm8rwc7t9Bo96-dQUwnp12lkmphElbVCUTmoGQA0A11g9eswHAmrwPmYwzTgdEGJjF-wPFvjbp:1sSzfS:4KketCZgzaR0gIoNuw6YN_ZO2IKmRYq1hEDXLu2gpYk",
        "expire_date": "2024-07-28T13:53:34.720Z"
    }
}, {
    "model": "sessions.session",
    "pk": "aarmyjq1bokwv4qgw7s6x6jrt1u61jor",
    "fields": {
        "session_data": ".eJxVjL0OwyAQg9-FuUIHx0_UsXufAQEHJW0FUkimqO9eImVoN9uf7Z05v63FbT0tbiZ2ZZJdfrPg4yvVA9DT10fjsdV1mQM_Kvyknd8bpfft7P4dFN_LWE_KUtQqCO0JSBqQKBCGUxEyUjCYh8acyIC3Kk9CkEGTQdoglAb2-QLOQTcb:1sSAE8:kTvZ3FRHag9ZNkegzIaqO-fC2Me840KGeBclH7SeOnM",
        "expire_date": "2024-07-26T06:57:56.032Z"
    }
}, {
    "model": "sessions.session",
    "pk": "asfunfudoaspqjvulmfj2vw5eh16ki5l",
    "fields": {
        "session_data": ".eJxVjL0OwyAQg9-FuUIHx0_UsXufAQEHJW0FUkimqO9eImVoN9uf7Z05v63FbT0tbiZ2ZZJdfrPg4yvVA9DT10fjsdV1mQM_Kvyknd8bpfft7P4dFN_LWE_KUtQqCO0JSBqQKBCGUxEyUjCYh8acyIC3Kk9CkEGTQdoglAb2-QLOQTcb:1sRuIQ:tHR3ydfgojJDURvpXXRSlGHXnll7FFBOp8VcVEy9USU",
        "expire_date": "2024-07-25T13:57:18.881Z"
    }
}, {
    "model": "sessions.session",
    "pk": "b75xpqmcacvcilx12g10r9gh0tat9eaq",
    "fields": {
        "session_data": ".eJxVjL0OwyAQg9-FuUIHx0_UsXufAQEHJW0FUkimqO9eImVoN9uf7Z05v63FbT0tbiZ2ZZJdfrPg4yvVA9DT10fjsdV1mQM_Kvyknd8bpfft7P4dFN_LWE_KUtQqCO0JSBqQKBCGUxEyUjCYh8acyIC3Kk9CkEGTQdoglAb2-QLOQTcb:1sRZA2:Bfi59Bz8sq1Gp5ozkYQZZP-1dkzwq9OYbC9DQWC4Ur8",
        "expire_date": "2024-07-24T15:23:14.499Z"
    }
}, {
    "model": "sessions.session",
    "pk": "bf1sefqufx4gmio3c815ix0nv4wkzmqu",
    "fields": {
        "session_data": ".eJxVjMEOwiAQRP-FsyEtZQt49N5vILuwSNVAUtqT8d9tkx70Npn3Zt7C47ZmvzVe_BzFVShx-e0Iw5PLAeIDy73KUMu6zCQPRZ60yalGft1O9-8gY8v7OtkhslNu1AAmJG1jUmC5oyEQAaQEFpBsGgx3WqMeIfZk9sDErucgPl_vAjh7:1sdEHI:JEe40mdVM9ePKlgzP5fxarKCuq-FFgBcNLkCFiPo5cU",
        "expire_date": "2024-08-25T19:30:56.602Z"
    }
}, {
    "model": "sessions.session",
    "pk": "coa8e0g7r4qsnqu92bo5a2y28xqg48ia",
    "fields": {
        "session_data": ".eJxVjL0OwyAQg9-FuUIHx0_UsXufAQEHJW0FUkimqO9eImVoN9uf7Z05v63FbT0tbiZ2ZZJdfrPg4yvVA9DT10fjsdV1mQM_Kvyknd8bpfft7P4dFN_LWE_KUtQqCO0JSBqQKBCGUxEyUjCYh8acyIC3Kk9CkEGTQdoglAb2-QLOQTcb:1sSkog:cJau6dV1Ay5q0ryiRUTf2RKii4wU6SUc-rU41uss7Bc",
        "expire_date": "2024-07-27T22:02:06.468Z"
    }
}, {
    "model": "sessions.session",
    "pk": "dcme590fdjtf65a2bcf7025t93b4e9ts",
    "fields": {
        "session_data": ".eJxVjL0OwyAQg9-FuUIHx0_UsXufAQEHJW0FUkimqO9eImVoN9uf7Z05v63FbT0tbiZ2ZZJdfrPg4yvVA9DT10fjsdV1mQM_Kvyknd8bpfft7P4dFN_LWE_KUtQqCO0JSBqQKBCGUxEyUjCYh8acyIC3Kk9CkEGTQdoglAb2-QLOQTcb:1sRGMw:hwrkxPWSQAZdTmA3Iub0tEv1KAoR6Hc4KvyDiYKP5Rk",
        "expire_date": "2024-07-23T19:19:18.072Z"
    }
}, {
    "model": "sessions.session",
    "pk": "e8bffnau3koq0b040ilri0b8yzyrl697",
    "fields": {
        "session_data": ".eJxVjL0OwyAQg9-FuUIHx0_UsXufAQEHJW0FUkimqO9eImVoN9uf7Z05v63FbT0tbiZ2ZZJdfrPg4yvVA9DT10fjsdV1mQM_Kvyknd8bpfft7P4dFN_LWE_KUtQqCO0JSBqQKBCGUxEyUjCYh8acyIC3Kk9CkEGTQdoglAb2-QLOQTcb:1sSkPS:QXsY_eVaGrYwrxTfHrildocf-7efFKmX6-nvbaOUJSc",
        "expire_date": "2024-07-27T21:36:02.551Z"
    }
}, {
    "model": "sessions.session",
    "pk": "ehaz6xmr6ow201uobdc9bit0byw2mbvh",
    "fields": {
        "session_data": ".eJxVjL0OwyAQg9-FuUIHx0_UsXufAQEHJW0FUkimqO9eImVoN9uf7Z05v63FbT0tbiZ2ZZJdfrPg4yvVA9DT10fjsdV1mQM_Kvyknd8bpfft7P4dFN_LWE_KUtQqCO0JSBqQKBCGUxEyUjCYh8acyIC3Kk9CkEGTQdoglAb2-QLOQTcb:1sRsuM:D4QbQhSbpxd-iwYxaCYCZ0WOpn9Sy5szY6zYMcL22hI",
        "expire_date": "2024-07-25T12:28:22.250Z"
    }
}, {
    "model": "sessions.session",
    "pk": "eiswk2u8hheqrp3t6fgmcgpliyk1eeqi",
    "fields": {
        "session_data": ".eJxVjMsOwiAQAP-FsyE8ti149O43kGVZpGpoUtqT8d-VpAe9zkzmJQLuWwl74zXMSZzFIE6_LCI9uHaR7lhvi6SlbuscZU_kYZu8Lomfl6P9GxRspW8BNXk12HH0bCCCBwXKgtHGTORdTpmt9plS1uCTckzRfjE4O1kiFO8Pt-I3Uw:1sdos6:PwJSTCQZj4h7zVc7Zbn-O6PQnhNwktnQMPWiaEiyHHo",
        "expire_date": "2024-08-27T10:35:22.130Z"
    }
}, {
    "model": "sessions.session",
    "pk": "f8neozznvflju3uqh5k4ou1vlikb6eja",
    "fields": {
        "session_data": ".eJxVjL0OwyAQg9-FuUIHx0_UsXufAQEHJW0FUkimqO9eImVoN9uf7Z05v63FbT0tbiZ2ZZJdfrPg4yvVA9DT10fjsdV1mQM_Kvyknd8bpfft7P4dFN_LWE_KUtQqCO0JSBqQKBCGUxEyUjCYh8acyIC3Kk9CkEGTQdoglAb2-QLOQTcb:1sE6cF:iBjSeeQL9aby6DnmE6kppipHTU8DoIpHg90UEp_tS5A",
        "expire_date": "2024-06-17T12:16:43.827Z"
    }
}, {
    "model": "sessions.session",
    "pk": "fawe8kjzqcmaw985ip0oxtmy8s1hqqxw",
    "fields": {
        "session_data": ".eJxVjL0OwyAQg9-FuUIHx0_UsXufAQEHJW0FUkimqO9eImVoN9uf7Z05v63FbT0tbiZ2ZZJdfrPg4yvVA9DT10fjsdV1mQM_Kvyknd8bpfft7P4dFN_LWE_KUtQqCO0JSBqQKBCGUxEyUjCYh8acyIC3Kk9CkEGTQdoglAb2-QLOQTcb:1sSkTL:4glO9OL68MdhNxIo5fLRnvC2pV4eafu3epYHyjpKhTQ",
        "expire_date": "2024-07-27T21:40:03.499Z"
    }
}, {
    "model": "sessions.session",
    "pk": "femha4zznbczvv1ew8zvp1v4yyll5b70",
    "fields": {
        "session_data": ".eJxVjL0OwyAQg9-FuUIHx0_UsXufAQEHJW0FUkimqO9eImVoN9uf7Z05v63FbT0tbiZ2ZZJdfrPg4yvVA9DT10fjsdV1mQM_Kvyknd8bpfft7P4dFN_LWE_KUtQqCO0JSBqQKBCGUxEyUjCYh8acyIC3Kk9CkEGTQdoglAb2-QLOQTcb:1sSFQP:flZmpr_4Jreg8pf5wn56kGQr7RZzYUH4kUQRTxfnMXc",
        "expire_date": "2024-07-26T12:30:57.853Z"
    }
}, {
    "model": "sessions.session",
    "pk": "gax1j95wo191x53kp0zhvflwfo9nz73q",
    "fields": {
        "session_data": ".eJxVjEEOgjAQRe_StWlKaYfBpXvPQKbTGYsaSCisjHdXEha6_e-9_zIDbWsZtirLMGZzNq05_W6J-CHTDvKdpttseZ7WZUx2V-xBq73OWZ6Xw_07KFTLt04aOifYCHVOWRhAu9B7pJgwNQwhZA8AhL7vUdGpuhYDRwFOEkHN-wPwMzgm:1sGGrZ:hYhPBb6GtZN0yeR5PR4Xb0_qH_ZWURQYCJ1ff2wmhPc",
        "expire_date": "2024-06-23T11:37:29.436Z"
    }
}, {
    "model": "sessions.session",
    "pk": "gguvqkpuavkm1k6t86hugsqk5otvfg25",
    "fields": {
        "session_data": ".eJxVjL0OwyAQg9-FuUIHx0_UsXufAQEHJW0FUkimqO9eImVoN9uf7Z05v63FbT0tbiZ2ZZJdfrPg4yvVA9DT10fjsdV1mQM_Kvyknd8bpfft7P4dFN_LWE_KUtQqCO0JSBqQKBCGUxEyUjCYh8acyIC3Kk9CkEGTQdoglAb2-QLOQTcb:1sSFGg:KHVDl4_FLcNlrxZohkc6xwp3cxOnD22huwFGsi0cCAQ",
        "expire_date": "2024-07-26T12:20:54.237Z"
    }
}, {
    "model": "sessions.session",
    "pk": "gowc2npj9cuzob3q4vm4j6zlyu3j5v1g",
    "fields": {
        "session_data": ".eJxVjDsOwjAQBe_iGllrx7-lpOcM1tpr4wBKpDipEHeHSCmgfTPzXiLStra49bLEkcVZKHH63RLlR5l2wHeabrPM87QuY5K7Ig_a5XXm8rwc7t9Bo96-dQUwnp12lkmphElbVCUTmoGQA0A11g9eswHAmrwPmYwzTgdEGJjF-wPFvjbp:1sEZ1Y:Xe04ptO3VWjbqIGsXeLbocQnQCe_ZMXS7pOhQioS9U0",
        "expire_date": "2024-06-18T18:36:44.754Z"
    }
}, {
    "model": "sessions.session",
    "pk": "gx084a1ngs3bereyd31c2vxljlmzpi76",
    "fields": {
        "session_data": ".eJxVjDsOwjAQBe_iGllrx7-lpOcM1tpr4wBKpDipEHeHSCmgfTPzXiLStra49bLEkcVZKHH63RLlR5l2wHeabrPM87QuY5K7Ig_a5XXm8rwc7t9Bo96-dQUwnp12lkmphElbVCUTmoGQA0A11g9eswHAmrwPmYwzTgdEGJjF-wPFvjbp:1scM5p:Y8AN1oM4zM4tGpGKWaPtKqWNKqztsQLZd5kPBiStxFE",
        "expire_date": "2024-08-23T09:39:29.809Z"
    }
}, {
    "model": "sessions.session",
    "pk": "h5vyvuxymmjsr57g7pqeh21wy85yatt0",
    "fields": {
        "session_data": ".eJxVjMsOwiAQRf-FtSEwjC24dN9vIDM8pGogKe3K-O_apAvd3nPOfQlP21r81tPi5yguAsTpd2MKj1R3EO9Ub02GVtdlZrkr8qBdTi2m5_Vw_w4K9fKtjWOnlAVrGQNytDBkItDnETQiks4jAKikKBkXlI0uAwKyYXTODlm8P7x-Nt8:1sAbyx:KaK7NJk2BZnNMsVfbTtwynsWtFpZN_6xGjMSNv0KvPo",
        "expire_date": "2024-06-07T20:57:43.262Z"
    }
}, {
    "model": "sessions.session",
    "pk": "hjv04dqqxv8au3mktobq7ieorlx3tgj6",
    "fields": {
        "session_data": ".eJxVjL0OwyAQg9-FuUIHx0_UsXufAQEHJW0FUkimqO9eImVoN9uf7Z05v63FbT0tbiZ2ZZJdfrPg4yvVA9DT10fjsdV1mQM_Kvyknd8bpfft7P4dFN_LWE_KUtQqCO0JSBqQKBCGUxEyUjCYh8acyIC3Kk9CkEGTQdoglAb2-QLOQTcb:1sQsUL:wwoE8TP-xjCFpYbcW1F1Sd6BJFwwdgYAYmRgU2sSlBA",
        "expire_date": "2024-07-22T17:49:21.150Z"
    }
}, {
    "model": "sessions.session",
    "pk": "hwa25rb0v4psp9ojn9nme4edj0ueam1q",
    "fields": {
        "session_data": ".eJxVjDsOwjAQBe_iGllrx7-lpOcM1tpr4wBKpDipEHeHSCmgfTPzXiLStra49bLEkcVZKHH63RLlR5l2wHeabrPM87QuY5K7Ig_a5XXm8rwc7t9Bo96-dQUwnp12lkmphElbVCUTmoGQA0A11g9eswHAmrwPmYwzTgdEGJjF-wPFvjbp:1sBUKa:LQ2GoyM7n9VoccD-5ZY5w95kRRfrrJuAn-WygNd6MC0",
        "expire_date": "2024-06-10T06:59:40.488Z"
    }
}, {
    "model": "sessions.session",
    "pk": "ikene1302lwhoho5og39ndn4w1ofaefr",
    "fields": {
        "session_data": ".eJxVjDsOwjAQBe_iGllrx7-lpOcM1tpr4wBKpDipEHeHSCmgfTPzXiLStra49bLEkcVZKHH63RLlR5l2wHeabrPM87QuY5K7Ig_a5XXm8rwc7t9Bo96-dQUwnp12lkmphElbVCUTmoGQA0A11g9eswHAmrwPmYwzTgdEGJjF-wPFvjbp:1sQnzK:4inDbqQifntSviDUyArY_MtH9wbO7CY9oFmbYMw7Obc",
        "expire_date": "2024-07-22T13:01:02.037Z"
    }
}, {
    "model": "sessions.session",
    "pk": "j6fdbnsp7a2vcq5doklhhlzehlfwfirq",
    "fields": {
        "session_data": ".eJxVjMEOwiAQRP-FsyEtZQt49N5vILuwSNVAUtqT8d9tkx70Npn3Zt7C47ZmvzVe_BzFVShx-e0Iw5PLAeIDy73KUMu6zCQPRZ60yalGft1O9-8gY8v7OtkhslNu1AAmJG1jUmC5oyEQAaQEFpBsGgx3WqMeIfZk9sDErucgPl_vAjh7:1sco27:WRH1FPiSU4yer7b7a4Exy0WY8d8sCb2Yv_FnpQt-ODM",
        "expire_date": "2024-08-24T15:29:31.364Z"
    }
}, {
    "model": "sessions.session",
    "pk": "je20gpu36kaz5fcbk768y4ewdw5w3ex4",
    "fields": {
        "session_data": ".eJxVjMEOwiAQRP-FsyEtZQt49N5vILuwSNVAUtqT8d9tkx70Npn3Zt7C47ZmvzVe_BzFVShx-e0Iw5PLAeIDy73KUMu6zCQPRZ60yalGft1O9-8gY8v7OtkhslNu1AAmJG1jUmC5oyEQAaQEFpBsGgx3WqMeIfZk9sDErucgPl_vAjh7:1sdUNv:L-rQwyUuPVPfACIZV5isdZSGEbFtkQjETJRso7YKFwU",
        "expire_date": "2024-08-26T12:42:51.152Z"
    }
}, {
    "model": "sessions.session",
    "pk": "judxl2jr92tc3c7xkdfdaovuj7z9c96k",
    "fields": {
        "session_data": ".eJxVjL0OwyAQg9-FuUIHx0_UsXufAQEHJW0FUkimqO9eImVoN9uf7Z05v63FbT0tbiZ2ZZJdfrPg4yvVA9DT10fjsdV1mQM_Kvyknd8bpfft7P4dFN_LWE_KUtQqCO0JSBqQKBCGUxEyUjCYh8acyIC3Kk9CkEGTQdoglAb2-QLOQTcb:1sRrni:UxetyDSSXKUztbsCKiOMPG-2U70IREuHavWQrqbrgnM",
        "expire_date": "2024-07-25T11:17:26.465Z"
    }
}, {
    "model": "sessions.session",
    "pk": "k0d0e86epg4h4p4ahohqknae4qi46qne",
    "fields": {
        "session_data": ".eJxVjL0OwyAQg9-FuUIHx0_UsXufAQEHJW0FUkimqO9eImVoN9uf7Z05v63FbT0tbiZ2ZZJdfrPg4yvVA9DT10fjsdV1mQM_Kvyknd8bpfft7P4dFN_LWE_KUtQqCO0JSBqQKBCGUxEyUjCYh8acyIC3Kk9CkEGTQdoglAb2-QLOQTcb:1sRaOA:vxIn22yjneTq-c_Lx5dyiFgiiRfmiokM_meRJjh8GDE",
        "expire_date": "2024-07-24T16:41:54.671Z"
    }
}, {
    "model": "sessions.session",
    "pk": "kdj5rkiyiinz94k5ughrvgbh0vsksefe",
    "fields": {
        "session_data": ".eJxVjL0OwyAQg9-FuUIHx0_UsXufAQEHJW0FUkimqO9eImVoN9uf7Z05v63FbT0tbiZ2ZZJdfrPg4yvVA9DT10fjsdV1mQM_Kvyknd8bpfft7P4dFN_LWE_KUtQqCO0JSBqQKBCGUxEyUjCYh8acyIC3Kk9CkEGTQdoglAb2-QLOQTcb:1sRigf:6Ch4U5HXi7P6jmAAG35QGtOksDCUc_ur8K7e6VR967E",
        "expire_date": "2024-07-25T01:33:33.202Z"
    }
}, {
    "model": "sessions.session",
    "pk": "kk3qu9eemrkx5nq328x7funzdzfz34k3",
    "fields": {
        "session_data": ".eJxVjMsOwiAQAP-FsyE8ti149O43kGVZpGpoUtqT8d-VpAe9zkzmJQLuWwl74zXMSZzFIE6_LCI9uHaR7lhvi6SlbuscZU_kYZu8Lomfl6P9GxRspW8BNXk12HH0bCCCBwXKgtHGTORdTpmt9plS1uCTckzRfjE4O1kiFO8Pt-I3Uw:1sdp1h:wDGTeTvjswJ88i_9zW27ylKsIIi1kTZgdnNOtaLYBdg",
        "expire_date": "2024-08-27T10:45:17.280Z"
    }
}, {
    "model": "sessions.session",
    "pk": "klvts1k9ykjk0ju2kiyxpa65lz98k9g2",
    "fields": {
        "session_data": ".eJxVjL0OwyAQg9-FuUIHx0_UsXufAQEHJW0FUkimqO9eImVoN9uf7Z05v63FbT0tbiZ2ZZJdfrPg4yvVA9DT10fjsdV1mQM_Kvyknd8bpfft7P4dFN_LWE_KUtQqCO0JSBqQKBCGUxEyUjCYh8acyIC3Kk9CkEGTQdoglAb2-QLOQTcb:1sSz9z:tyXHGbeIDVKd0RZR1meTCp6yuo6qmdmuB3UyTm3_gpw",
        "expire_date": "2024-07-28T13:21:03.829Z"
    }
}, {
    "model": "sessions.session",
    "pk": "mbwcvfa00nfhjliooxmuw4e3kfy57ht0",
    "fields": {
        "session_data": ".eJxVjDsOwjAQBe_iGllrx7-lpOcM1tpr4wBKpDipEHeHSCmgfTPzXiLStra49bLEkcVZKHH63RLlR5l2wHeabrPM87QuY5K7Ig_a5XXm8rwc7t9Bo96-dQUwnp12lkmphElbVCUTmoGQA0A11g9eswHAmrwPmYwzTgdEGJjF-wPFvjbp:1sbalD:mDPEDqVEZHK5IKOBA8SbjTQ3yHOURBczizEIdBUyK68",
        "expire_date": "2024-08-21T07:07:03.870Z"
    }
}, {
    "model": "sessions.session",
    "pk": "nnz9rm0w6ifhisqb6bjz0eugkq3psz6p",
    "fields": {
        "session_data": ".eJxVjEEOwiAQAP_C2RC6sgU8evcNZJclUjWQlPZk_Lsh6UGvM5N5q0j7VuLe8xoXURcF6vTLmNIz1yHkQfXedGp1WxfWI9GH7frWJL-uR_s3KNTL2AraKTMJZ2NTCoYtgwmekN2ZGd2chLyjTMbgnIBAJhQIFAKjB1GfLwKgOHk:1sbhrp:s1v_0IpnqYN1qgbvC7ld4RDfYavtopV9b3SgQJ7ZGOk",
        "expire_date": "2024-08-21T14:42:21.041Z"
    }
}, {
    "model": "sessions.session",
    "pk": "nqfzq2mpkes4wfbynnl6i2ayg5zuucnk",
    "fields": {
        "session_data": ".eJxVjDsOwjAQBe_iGllrx7-lpOcM1tpr4wBKpDipEHeHSCmgfTPzXiLStra49bLEkcVZKHH63RLlR5l2wHeabrPM87QuY5K7Ig_a5XXm8rwc7t9Bo96-dQUwnp12lkmphElbVCUTmoGQA0A11g9eswHAmrwPmYwzTgdEGJjF-wPFvjbp:1sCIu7:AZM6r1M10-uh_Z5TYnhS5OtY3PYByZUJvRrAeoiPYII",
        "expire_date": "2024-06-12T12:59:43.849Z"
    }
}, {
    "model": "sessions.session",
    "pk": "ntrw8ma536so3dv2iqm8a3574r5g3xsq",
    "fields": {
        "session_data": ".eJxVjL0OwyAQg9-FuUIHx0_UsXufAQEHJW0FUkimqO9eImVoN9uf7Z05v63FbT0tbiZ2ZZJdfrPg4yvVA9DT10fjsdV1mQM_Kvyknd8bpfft7P4dFN_LWE_KUtQqCO0JSBqQKBCGUxEyUjCYh8acyIC3Kk9CkEGTQdoglAb2-QLOQTcb:1sBgxF:JG0zIyqhVBsbH1Jgda6ZFJzbkQScXoHLYCdOSrLi-NI",
        "expire_date": "2024-06-10T20:28:25.637Z"
    }
}, {
    "model": "sessions.session",
    "pk": "o4377xd0umcnxh6rpmdqqwp5p3onxawb",
    "fields": {
        "session_data": ".eJxVjDsOwjAQBe_iGllrx7-lpOcM1tpr4wBKpDipEHeHSCmgfTPzXiLStra49bLEkcVZKHH63RLlR5l2wHeabrPM87QuY5K7Ig_a5XXm8rwc7t9Bo96-dQUwnp12lkmphElbVCUTmoGQA0A11g9eswHAmrwPmYwzTgdEGJjF-wPFvjbp:1sdWCI:r0LaVe9hS-_mLkdFzvpCckQ65q4pRp0IaEhN-vGYKAE",
        "expire_date": "2024-08-26T14:38:58.279Z"
    }
}, {
    "model": "sessions.session",
    "pk": "o87s6c5o4yi9d1xdheyji4xsmnmadg6p",
    "fields": {
        "session_data": ".eJxVjEEOwiAQAP_C2RAKpVCP3n0DWXYXqRpISnsy_l1JetDrzGReIsC-5bA3XsNC4iy0OP2yCPjg0gXdodyqxFq2dYmyJ_KwTV4r8fNytH-DDC33LZAmnzhyVGB9StY5GlF78srY6M1khqQNUsQpzd45zSN_MerZukGBeH8ABfs4Pw:1sBgLS:30GnK1TIgeiiB7i9S0WLpaKB3uVta4zjqVZfyai9fTk",
        "expire_date": "2024-06-10T19:49:22.671Z"
    }
}, {
    "model": "sessions.session",
    "pk": "ok5zdkpwffpqpk2ypwxdbhcfcbauewn9",
    "fields": {
        "session_data": ".eJxVjDsOwjAQBe_iGllrx7-lpOcM1tpr4wBKpDipEHeHSCmgfTPzXiLStra49bLEkcVZKHH63RLlR5l2wHeabrPM87QuY5K7Ig_a5XXm8rwc7t9Bo96-dQUwnp12lkmphElbVCUTmoGQA0A11g9eswHAmrwPmYwzTgdEGJjF-wPFvjbp:1sOa7O:tFv-ftvsVx3w-qdTBiNBddSdHo6J_0qMPIZfBi4MO7A",
        "expire_date": "2024-07-16T09:48:10.962Z"
    }
}, {
    "model": "sessions.session",
    "pk": "ov0fjshkiiiq2lg6px8bdzjxwewtjkem",
    "fields": {
        "session_data": ".eJxVjMEOwiAQRP-FsyEtZQt49N5vILuwSNVAUtqT8d9tkx70Npn3Zt7C47ZmvzVe_BzFVShx-e0Iw5PLAeIDy73KUMu6zCQPRZ60yalGft1O9-8gY8v7OtkhslNu1AAmJG1jUmC5oyEQAaQEFpBsGgx3WqMeIfZk9sDErucgPl_vAjh7:1sc7jf:9XfUTnU1nfFXkZPesu6HS8ErChwaM94yBArPlyBDNlI",
        "expire_date": "2024-08-22T18:19:39.907Z"
    }
}, {
    "model": "sessions.session",
    "pk": "p2ln59oy5fduwonok9m7liweaiy79vnr",
    "fields": {
        "session_data": ".eJxVjL0OwyAQg9-FuUIHx0_UsXufAQEHJW0FUkimqO9eImVoN9uf7Z05v63FbT0tbiZ2ZZJdfrPg4yvVA9DT10fjsdV1mQM_Kvyknd8bpfft7P4dFN_LWE_KUtQqCO0JSBqQKBCGUxEyUjCYh8acyIC3Kk9CkEGTQdoglAb2-QLOQTcb:1sRiLD:n2x3baEy1OoTOgHZxra2hTNCQv1WeWpqZ2EPLY3dwek",
        "expire_date": "2024-07-25T01:11:23.702Z"
    }
}, {
    "model": "sessions.session",
    "pk": "p992ymluun0nhtt57n90kc378eh2iqge",
    "fields": {
        "session_data": ".eJxVjMEOwiAQRP-FsyEtZQt49N5vILuwSNVAUtqT8d9tkx70Npn3Zt7C47ZmvzVe_BzFVShx-e0Iw5PLAeIDy73KUMu6zCQPRZ60yalGft1O9-8gY8v7OtkhslNu1AAmJG1jUmC5oyEQAaQEFpBsGgx3WqMeIfZk9sDErucgPl_vAjh7:1scJgZ:u7L9uo1Sogv-xd-0-Uw8j1_GMHkotVSld2qdQNB0yj8",
        "expire_date": "2024-08-23T07:05:15.697Z"
    }
}, {
    "model": "sessions.session",
    "pk": "pacv8wolamzillejunft3vju3whl6yiy",
    "fields": {
        "session_data": ".eJxVjDsOwjAQBe_iGllrx7-lpOcM1tpr4wBKpDipEHeHSCmgfTPzXiLStra49bLEkcVZKHH63RLlR5l2wHeabrPM87QuY5K7Ig_a5XXm8rwc7t9Bo96-dQUwnp12lkmphElbVCUTmoGQA0A11g9eswHAmrwPmYwzTgdEGJjF-wPFvjbp:1sRvB0:rDr8F7q_SuskhDOVVbQlPMO94-TusMSB9QodXeE6m6A",
        "expire_date": "2024-07-25T14:53:42.544Z"
    }
}, {
    "model": "sessions.session",
    "pk": "pbnanpqccahq7cqlpoqq375pyd7a7cpk",
    "fields": {
        "session_data": ".eJxVjDsOwjAQBe_iGllrx7-lpOcM1tpr4wBKpDipEHeHSCmgfTPzXiLStra49bLEkcVZKHH63RLlR5l2wHeabrPM87QuY5K7Ig_a5XXm8rwc7t9Bo96-dQUwnp12lkmphElbVCUTmoGQA0A11g9eswHAmrwPmYwzTgdEGJjF-wPFvjbp:1sAbBo:jNkicMKNMcC1sVyHHGfUkRmKUlifeL4yUBNhOawO21I",
        "expire_date": "2024-06-07T20:06:56.656Z"
    }
}, {
    "model": "sessions.session",
    "pk": "ptm8bfgyl1g606lqvv5aypt0g3m3n2p5",
    "fields": {
        "session_data": ".eJxVjDsOwjAQBe_iGllrx7-lpOcM1tpr4wBKpDipEHeHSCmgfTPzXiLStra49bLEkcVZKHH63RLlR5l2wHeabrPM87QuY5K7Ig_a5XXm8rwc7t9Bo96-dQUwnp12lkmphElbVCUTmoGQA0A11g9eswHAmrwPmYwzTgdEGJjF-wPFvjbp:1sRxZe:ySxkQVk0XVMmaDQ6Iw0iCq8AgnqFtEjnppJfE96Qr6M",
        "expire_date": "2024-07-25T17:27:18.325Z"
    }
}, {
    "model": "sessions.session",
    "pk": "q1m6a7zo0fsknlzj9le6ywztc14d6hy7",
    "fields": {
        "session_data": ".eJxVjL0OwyAQg9-FuUIHx0_UsXufAQEHJW0FUkimqO9eImVoN9uf7Z05v63FbT0tbiZ2ZZJdfrPg4yvVA9DT10fjsdV1mQM_Kvyknd8bpfft7P4dFN_LWE_KUtQqCO0JSBqQKBCGUxEyUjCYh8acyIC3Kk9CkEGTQdoglAb2-QLOQTcb:1sE9uC:s6nGIZwwzJm5a-vnv82P7-w7XpvL0WbKIpb7VcuvIDw",
        "expire_date": "2024-06-17T15:47:28.548Z"
    }
}, {
    "model": "sessions.session",
    "pk": "ql2a3xrsw4axti0gwlh2109irkk3sabm",
    "fields": {
        "session_data": ".eJxVjEEOwiAQAP_C2RC6sgU8evcNZJclUjWQlPZk_Lsh6UGvM5N5q0j7VuLe8xoXURcF6vTLmNIz1yHkQfXedGp1WxfWI9GH7frWJL-uR_s3KNTL2AraKTMJZ2NTCoYtgwmekN2ZGd2chLyjTMbgnIBAJhQIFAKjB1GfLwKgOHk:1sbPet:-sYI2IQs-W_2Wi7Hg29TUWQ4Vy11kAZ-dyscJBf_plI",
        "expire_date": "2024-08-20T19:15:47.984Z"
    }
}, {
    "model": "sessions.session",
    "pk": "rgyu03inmem2jr1lk26t5h3boiqp1v3m",
    "fields": {
        "session_data": ".eJxVjMsOwiAQRf-FtSEwjC24dN9vIDM8pGogKe3K-O_apAvd3nPOfQlP21r81tPi5yguAsTpd2MKj1R3EO9Ub02GVtdlZrkr8qBdTi2m5_Vw_w4K9fKtjWOnlAVrGQNytDBkItDnETQiks4jAKikKBkXlI0uAwKyYXTODlm8P7x-Nt8:1sAZxs:yW4ciBv9JmOe0FLZviF3KmIS2F70RgUg7XnbfLo36Mo",
        "expire_date": "2024-06-07T18:48:28.640Z"
    }
}, {
    "model": "sessions.session",
    "pk": "rh0nxx3qn6ca59bqgz59z1zl6r1zueol",
    "fields": {
        "session_data": ".eJxVjL0OwyAQg9-FuUIHx0_UsXufAQEHJW0FUkimqO9eImVoN9uf7Z05v63FbT0tbiZ2ZZJdfrPg4yvVA9DT10fjsdV1mQM_Kvyknd8bpfft7P4dFN_LWE_KUtQqCO0JSBqQKBCGUxEyUjCYh8acyIC3Kk9CkEGTQdoglAb2-QLOQTcb:1sRb7R:nqjlRCsZ8KRAZad9XwM1l9mM4Zh4qlFpXqPRNkrJI1Q",
        "expire_date": "2024-07-24T17:28:41.151Z"
    }
}, {
    "model": "sessions.session",
    "pk": "rk3sb08dtc71o0hu5o27ioi0xb65rq7f",
    "fields": {
        "session_data": ".eJxVjMsOwiAQRf-FtSEwjC24dN9vIDM8pGogKe3K-O_apAvd3nPOfQlP21r81tPi5yguAsTpd2MKj1R3EO9Ub02GVtdlZrkr8qBdTi2m5_Vw_w4K9fKtjWOnlAVrGQNytDBkItDnETQiks4jAKikKBkXlI0uAwKyYXTODlm8P7x-Nt8:1sAaAg:7KEWKCgVRZAnzBTWr27xrw6Nczz9XHy6i0lSt0aCseI",
        "expire_date": "2024-06-07T19:01:42.478Z"
    }
}, {
    "model": "sessions.session",
    "pk": "rkv5phfs4wd37tdkpcrzc2h4r73w0692",
    "fields": {
        "session_data": ".eJxVjMEOwiAQRP-FsyEtZQt49N5vILuwSNVAUtqT8d9tkx70Npn3Zt7C47ZmvzVe_BzFVShx-e0Iw5PLAeIDy73KUMu6zCQPRZ60yalGft1O9-8gY8v7OtkhslNu1AAmJG1jUmC5oyEQAaQEFpBsGgx3WqMeIfZk9sDErucgPl_vAjh7:1sd61e:9gLX4SzYlv5ohV6ARU6YmRcNtygl65vvkeKcsWdss1g",
        "expire_date": "2024-08-25T10:42:14.803Z"
    }
}, {
    "model": "sessions.session",
    "pk": "rn01yi7kt5hx6496jl66ubg9w84c1vq3",
    "fields": {
        "session_data": ".eJxVjDsOwjAQBe_iGllrx7-lpOcM1tpr4wBKpDipEHeHSCmgfTPzXiLStra49bLEkcVZKHH63RLlR5l2wHeabrPM87QuY5K7Ig_a5XXm8rwc7t9Bo96-dQUwnp12lkmphElbVCUTmoGQA0A11g9eswHAmrwPmYwzTgdEGJjF-wPFvjbp:1sSjum:odwXjl4DkOUfws93cFi64ahTPPUhgl5Vw1CWgHUj_xQ",
        "expire_date": "2024-07-27T21:04:20.896Z"
    }
}, {
    "model": "sessions.session",
    "pk": "ro20dmbvgjc4i2hh24m0fb51lsu6ol49",
    "fields": {
        "session_data": ".eJxVjMsOwiAQRf-FtSEwjC24dN9vIDM8pGogKe3K-O_apAvd3nPOfQlP21r81tPi5yguAsTpd2MKj1R3EO9Ub02GVtdlZrkr8qBdTi2m5_Vw_w4K9fKtjWOnlAVrGQNytDBkItDnETQiks4jAKikKBkXlI0uAwKyYXTODlm8P7x-Nt8:1sBfWD:cBL9Kibf4e0AhUzjEcD4Rw8ybOrKFFxH5DIBhlMe7VY",
        "expire_date": "2024-06-10T18:56:25.414Z"
    }
}, {
    "model": "sessions.session",
    "pk": "skw89eyd8bv018f8dc8ayh2oxkb1owv0",
    "fields": {
        "session_data": ".eJxVjDsOwjAQBe_iGllrx7-lpOcM1tpr4wBKpDipEHeHSCmgfTPzXiLStra49bLEkcVZKHH63RLlR5l2wHeabrPM87QuY5K7Ig_a5XXm8rwc7t9Bo96-dQUwnp12lkmphElbVCUTmoGQA0A11g9eswHAmrwPmYwzTgdEGJjF-wPFvjbp:1sQryt:XFotcPuFT0NbBMNjf1VMzu01sflh3QDx7JW2OC6X8Nk",
        "expire_date": "2024-07-22T17:16:51.073Z"
    }
}, {
    "model": "sessions.session",
    "pk": "supukvvmldvw951ktisyhgci8m4cco6x",
    "fields": {
        "session_data": ".eJxVjMsOwiAQRf-FtSEwjC24dN9vIDM8pGogKe3K-O_apAvd3nPOfQlP21r81tPi5yguAsTpd2MKj1R3EO9Ub02GVtdlZrkr8qBdTi2m5_Vw_w4K9fKtjWOnlAVrGQNytDBkItDnETQiks4jAKikKBkXlI0uAwKyYXTODlm8P7x-Nt8:1sAa89:oRg0DTMwukQ8r85QFRqnyLntBtFKm4f_V6Df9VZMkTo",
        "expire_date": "2024-06-07T18:59:05.361Z"
    }
}, {
    "model": "sessions.session",
    "pk": "thk61bdw1cddqaldq78ph4p5fjo37gzk",
    "fields": {
        "session_data": ".eJxVjDsOwjAQBe_iGllrx7-lpOcM1tpr4wBKpDipEHeHSCmgfTPzXiLStra49bLEkcVZKHH63RLlR5l2wHeabrPM87QuY5K7Ig_a5XXm8rwc7t9Bo96-dQUwnp12lkmphElbVCUTmoGQA0A11g9eswHAmrwPmYwzTgdEGJjF-wPFvjbp:1scPHp:ijAkQ36HrbVhVFvQ_1su9byXOZqo_a0nwk1Gu-coDsI",
        "expire_date": "2024-08-23T13:04:05.619Z"
    }
}, {
    "model": "sessions.session",
    "pk": "ttjcguil3e12fd12ve6htzw7jrjpn1hr",
    "fields": {
        "session_data": ".eJxVjMsOwiAQRf-FtSE8ymNcuvcbCMyAVA0kpV0Z_12bdKHbe865LxbittawjbyEmdiZaXb63VLER247oHtst86xt3WZE98VftDBr53y83K4fwc1jvqtJUgDVpM3zmsnJpuFKCoV9Ka45BVAxGQcSkmKhBIgLdIEyVn0Hqxh7w-2fDbS:1sSEJb:UKlEhhkGNTdgc-fprNKQP5eChZKGFq0qHlDwQXePIX4",
        "expire_date": "2024-07-26T11:19:51.993Z"
    }
}, {
    "model": "sessions.session",
    "pk": "uh8lg5u1c895hfdjk1dyv03nxu5svbzv",
    "fields": {
        "session_data": ".eJxVjEEOwiAQRe_C2pBiBwZcuvcMZGBAqgaS0q6Md7dNutDtf-_9t_C0LsWvPc1-YnERozj9boHiM9Ud8IPqvcnY6jJPQe6KPGiXt8bpdT3cv4NCvWy1cQiZHcHgGJxVZBOBwaw4DCYjD5iti6QgB44ZkrFJnzegFRJqGsXnC-sFOCg:1sZ2HI:bPOCgmFWzOlIUgD7B5-LsvZEye5AkKbyEllK_nLObG4",
        "expire_date": "2024-08-14T05:53:36.427Z"
    }
}, {
    "model": "sessions.session",
    "pk": "v0scozeoy0omdaezjpuk1cz7iy72jhna",
    "fields": {
        "session_data": ".eJxVjDsOwjAQBe_iGllrx7-lpOcM1tpr4wBKpDipEHeHSCmgfTPzXiLStra49bLEkcVZKHH63RLlR5l2wHeabrPM87QuY5K7Ig_a5XXm8rwc7t9Bo96-dQUwnp12lkmphElbVCUTmoGQA0A11g9eswHAmrwPmYwzTgdEGJjF-wPFvjbp:1s7jNP:SMiwROQ2kugo3IjRLXnmx3fxeRpvu5N8LmnOm-dXMnc",
        "expire_date": "2024-05-30T22:15:03.308Z"
    }
}, {
    "model": "sessions.session",
    "pk": "v3chl69m6lx1duiiuu158ovcte1opzq2",
    "fields": {
        "session_data": ".eJxVjEEOwiAQRe_C2hBAYKYu3fcMZIBBqoYmpV0Z765NutDtf-_9lwi0rTVsnZcwZXERRpx-t0jpwW0H-U7tNss0t3WZotwVedAuxznz83q4fweVev3WpKMChGIsgYLBF3LR2uQ9A2tMymQdAc9WMTg7KMaImjRaVQwVjU68P8xwNxQ:1s9ixO:xc0UmvFPmmqRBKv3eEy0DN_AcP1ny5s659LPI1YtL_8",
        "expire_date": "2024-06-05T10:12:26.506Z"
    }
}, {
    "model": "sessions.session",
    "pk": "vnq29in63680vv9aokqr9oga494tkxx8",
    "fields": {
        "session_data": ".eJxVjDsOwjAQBe_iGllrx7-lpOcM1tpr4wBKpDipEHeHSCmgfTPzXiLStra49bLEkcVZKHH63RLlR5l2wHeabrPM87QuY5K7Ig_a5XXm8rwc7t9Bo96-dQUwnp12lkmphElbVCUTmoGQA0A11g9eswHAmrwPmYwzTgdEGJjF-wPFvjbp:1sRxxe:knvh6aFzA6geiRwyCWt8W3Yvku5ZPrJOJvtY3dSOSoc",
        "expire_date": "2024-07-25T17:52:06.866Z"
    }
}, {
    "model": "sessions.session",
    "pk": "vthg2f9x31l7r0phaczv89w13zjx1ztg",
    "fields": {
        "session_data": ".eJxVjDkOwjAUBe_iGllO4jj-lPScwfqbcQA5UpYKcXeIlALaNzPvZRJua0nbonMaxZxNa06_GyE_tO5A7lhvk-WprvNIdlfsQRd7nUSfl8P9Oyi4lG9NOQbMg5cAECEj-dAL9J6QtGFWbhyAo5gDKEYJ2itwYHFdp0PbefP-AAssOLc:1sAYi7:66ZryfCoL89CHuaSUCn2cRVm9Qyu4lEWzVY2hpiAO00",
        "expire_date": "2024-06-07T17:28:07.965Z"
    }
}, {
    "model": "sessions.session",
    "pk": "w3ebtqixj1aunw37qjm7m3kpaber57iu",
    "fields": {
        "session_data": ".eJxVjL0OwyAQg9-FuUIHx0_UsXufAQEHJW0FUkimqO9eImVoN9uf7Z05v63FbT0tbiZ2ZZJdfrPg4yvVA9DT10fjsdV1mQM_Kvyknd8bpfft7P4dFN_LWE_KUtQqCO0JSBqQKBCGUxEyUjCYh8acyIC3Kk9CkEGTQdoglAb2-QLOQTcb:1sT14c:_LnAJRLBVL2_sY29E1Wyi-cDsppgxiTajtb7YfnGazU",
        "expire_date": "2024-07-28T15:23:38.903Z"
    }
}, {
    "model": "sessions.session",
    "pk": "wd0awbzghu0sqabrdcj7m7en54ia3amt",
    "fields": {
        "session_data": ".eJxVjL0OwyAQg9-FuUIHx0_UsXufAQEHJW0FUkimqO9eImVoN9uf7Z05v63FbT0tbiZ2ZZJdfrPg4yvVA9DT10fjsdV1mQM_Kvyknd8bpfft7P4dFN_LWE_KUtQqCO0JSBqQKBCGUxEyUjCYh8acyIC3Kk9CkEGTQdoglAb2-QLOQTcb:1sT0xj:B8pcQEt1pDCaffix2Tic-kc0WCGMiV6LH2pl_4eLN8U",
        "expire_date": "2024-07-28T15:16:31.777Z"
    }
}, {
    "model": "sessions.session",
    "pk": "wh75wwkmi6g33r9r4onnxducm92t4rjx",
    "fields": {
        "session_data": ".eJxVjEEOwiAQAP_C2RC6sgU8evcNZJclUjWQlPZk_Lsh6UGvM5N5q0j7VuLe8xoXURcF6vTLmNIz1yHkQfXedGp1WxfWI9GH7frWJL-uR_s3KNTL2AraKTMJZ2NTCoYtgwmekN2ZGd2chLyjTMbgnIBAJhQIFAKjB1GfLwKgOHk:1sbdsf:G9tgffWz4aAkiB7Fv4kvTNpFMrhJaXftCE3x9pIfjRE",
        "expire_date": "2024-08-21T10:26:57.941Z"
    }
}, {
    "model": "sessions.session",
    "pk": "x05t0o3d646l24bp77v5bjg8pregwq22",
    "fields": {
        "session_data": ".eJxVjDsOwjAQBe_iGllrx7-lpOcM1tpr4wBKpDipEHeHSCmgfTPzXiLStra49bLEkcVZKHH63RLlR5l2wHeabrPM87QuY5K7Ig_a5XXm8rwc7t9Bo96-dQUwnp12lkmphElbVCUTmoGQA0A11g9eswHAmrwPmYwzTgdEGJjF-wPFvjbp:1sAbQx:BYIZ2Kb7AzxVuu_jV3NqriIwYcOsb-GsQCcEkKkfpvc",
        "expire_date": "2024-06-07T20:22:35.889Z"
    }
}, {
    "model": "sessions.session",
    "pk": "xhfljuj4sq3c35ld3vxtzp33fzr9c4vv",
    "fields": {
        "session_data": ".eJxVjMEOwiAQRP-FsyEtZQt49N5vILuwSNVAUtqT8d9tkx70Npn3Zt7C47ZmvzVe_BzFVShx-e0Iw5PLAeIDy73KUMu6zCQPRZ60yalGft1O9-8gY8v7OtkhslNu1AAmJG1jUmC5oyEQAaQEFpBsGgx3WqMeIfZk9sDErucgPl_vAjh7:1scoAq:t4sMW_EXaoGcbNh9MT09YwUYR2S0-eXBj7rUp_EJf7o",
        "expire_date": "2024-08-24T15:38:32.384Z"
    }
}, {
    "model": "sessions.session",
    "pk": "xnt0c3v7drv831l2pfwrxqeo44l570qh",
    "fields": {
        "session_data": ".eJxVjL0OwyAQg9-FuUIHx0_UsXufAQEHJW0FUkimqO9eImVoN9uf7Z05v63FbT0tbiZ2ZZJdfrPg4yvVA9DT10fjsdV1mQM_Kvyknd8bpfft7P4dFN_LWE_KUtQqCO0JSBqQKBCGUxEyUjCYh8acyIC3Kk9CkEGTQdoglAb2-QLOQTcb:1sRiD7:DYZK4W4-RH77Jhh6_uBJ94CK90OAoEQkF7WOE_TpBkE",
        "expire_date": "2024-07-25T01:03:01.554Z"
    }
}, {
    "model": "sessions.session",
    "pk": "xofvv1b5457vtde40007wfftfpittto9",
    "fields": {
        "session_data": ".eJxVjEEOwiAQAP_C2RC6sgU8evcNZJclUjWQlPZk_Lsh6UGvM5N5q0j7VuLe8xoXURcF6vTLmNIz1yHkQfXedGp1WxfWI9GH7frWJL-uR_s3KNTL2AraKTMJZ2NTCoYtgwmekN2ZGd2chLyjTMbgnIBAJhQIFAKjB1GfLwKgOHk:1sbdf3:tdnWLtwKL5jljwmXKqwQ5FQ7-T07EFPlGUJx7cYaJTs",
        "expire_date": "2024-08-21T10:12:53.330Z"
    }
}, {
    "model": "sessions.session",
    "pk": "xxpjrq1vxuudcd8j5xlb6ky4ngluzo3n",
    "fields": {
        "session_data": ".eJxVjEEOwiAQAP_C2RC6sgU8evcNZJclUjWQlPZk_Lsh6UGvM5N5q0j7VuLe8xoXURcF6vTLmNIz1yHkQfXedGp1WxfWI9GH7frWJL-uR_s3KNTL2AraKTMJZ2NTCoYtgwmekN2ZGd2chLyjTMbgnIBAJhQIFAKjB1GfLwKgOHk:1sbNsX:BMjb3DUFLjWx1neJtTBpS_p5VvWCKQblOPVHQ7wsKG0",
        "expire_date": "2024-08-20T17:21:45.468Z"
    }
}, {
    "model": "sessions.session",
    "pk": "xy3nmk3qrpeye7lhrydud0h7wdwj89bl",
    "fields": {
        "session_data": ".eJxVjL0OwyAQg9-FuUIHx0_UsXufAQEHJW0FUkimqO9eImVoN9uf7Z05v63FbT0tbiZ2ZZJdfrPg4yvVA9DT10fjsdV1mQM_Kvyknd8bpfft7P4dFN_LWE_KUtQqCO0JSBqQKBCGUxEyUjCYh8acyIC3Kk9CkEGTQdoglAb2-QLOQTcb:1sQ6kd:EwAA9g1qSZqUzVHE7ZjRLnbM6wfHUajLlEUYAPsoJus",
        "expire_date": "2024-07-20T14:50:59.523Z"
    }
}, {
    "model": "sessions.session",
    "pk": "ye8sj1c90ii947hrce42c4a2y10aqe1a",
    "fields": {
        "session_data": ".eJxVjDsOwjAQBe_iGllrx7-lpOcM1tpr4wBKpDipEHeHSCmgfTPzXiLStra49bLEkcVZKHH63RLlR5l2wHeabrPM87QuY5K7Ig_a5XXm8rwc7t9Bo96-dQUwnp12lkmphElbVCUTmoGQA0A11g9eswHAmrwPmYwzTgdEGJjF-wPFvjbp:1sRsYO:5RP1QV7Yw-L4jWM219jfPQ14mK4xyZORCr1M3ab3e_A",
        "expire_date": "2024-07-25T12:05:40.335Z"
    }
}, {
    "model": "sessions.session",
    "pk": "yf77cw0w1wnuy70zgdu6uvrbs8b6gufq",
    "fields": {
        "session_data": ".eJxVjEEOwiAQAP_C2RC6sgU8evcNZJclUjWQlPZk_Lsh6UGvM5N5q0j7VuLe8xoXURcF6vTLmNIz1yHkQfXedGp1WxfWI9GH7frWJL-uR_s3KNTL2AraKTMJZ2NTCoYtgwmekN2ZGd2chLyjTMbgnIBAJhQIFAKjB1GfLwKgOHk:1sbPaq:L3ULpxp8eeFkWiL9gctYjBwJj1yCWdeQW18KoyyElfw",
        "expire_date": "2024-08-20T19:11:36.776Z"
    }
}, {
    "model": "core.sliderimg",
    "pk": 1,
    "fields": {
        "created_at": "2024-08-09T13:08:02.367Z",
        "update_at": "2024-08-12T14:55:08.703Z",
        "image": "SliderIMGs/Luxury-open-living-room-ideas-before-and-after.jpg",
        "header": "Qonaq otağı",
        "header_az": "Qonaq otağı",
        "header_ru": null,
        "header_en": null,
        "text": "Evinizi bizimlə gözəl edin",
        "text_az": "Evinizi bizimlə gözəl edin",
        "text_ru": null,
        "text_en": null,
        "btn_text": "Tablolara bax",
        "btn_text_az": "Tablolara bax",
        "btn_text_ru": null,
        "btn_text_en": null,
        "btn_href": "http://localhost:8000/products/all/?page=1&type=glass"
    }
}, {
    "model": "core.sliderimg",
    "pk": 2,
    "fields": {
        "created_at": "2024-08-09T13:09:33.053Z",
        "update_at": "2024-08-12T14:55:48.238Z",
        "image": "SliderIMGs/Modern-Bedroom-Design.jpg",
        "header": "Yataq Otağı",
        "header_az": "Yataq Otağı",
        "header_ru": null,
        "header_en": null,
        "text": "Otağlarınıza zövq qatın",
        "text_az": "Otağlarınıza zövq qatın",
        "text_ru": null,
        "text_en": null,
        "btn_text": "MDF tablolar",
        "btn_text_az": "MDF tablolar",
        "btn_text_ru": null,
        "btn_text_en": null,
        "btn_href": "http://localhost:8000/products/all/?page=1&artist=Rafayel+Muradov"
    }
}, {
    "model": "product.product",
    "pk": 1,
    "fields": {
        "created_at": "2024-05-16T22:16:01.244Z",
        "update_at": "2024-08-12T15:02:56.077Z",
        "title": "Məməd Əmin Rəsulzadə",
        "title_az": "Məməd Əmin Rəsulzadə",
        "title_ru": null,
        "title_en": null,
        "category": 1,
        "status": "New",
        "type": "GLASS",
        "artist": 1,
        "description": "<p>&nbsp;</p>",
        "description_az": "<p>&nbsp;</p>",
        "description_ru": "<p>&nbsp;</p>",
        "description_en": "<p>&nbsp;</p>",
        "detail": "<p>&nbsp;</p>",
        "detail_az": "<p>&nbsp;</p>",
        "detail_ru": "<p>&nbsp;</p>",
        "detail_en": "<p>&nbsp;</p>",
        "image": "PosterIMGs/9900ad5b6ac1c09fe95a455a1595ac95_jYpHohj.jpg",
        "price": 12.0,
        "slug": "mmd-min-rsulzad-glass",
        "sizes": [2, 1],
        "frames": [1]
    }
}, {
    "model": "product.product",
    "pk": 2,
    "fields": {
        "created_at": "2024-05-16T22:19:29.956Z",
        "update_at": "2024-08-12T15:03:18.587Z",
        "title": "Ungravity",
        "title_az": "Ungravity",
        "title_ru": null,
        "title_en": null,
        "category": 1,
        "status": "New",
        "type": "GLASS",
        "artist": 1,
        "description": "<p>&nbsp;</p>",
        "description_az": "<p>&nbsp;</p>",
        "description_ru": "<p>&nbsp;</p>",
        "description_en": "<p>&nbsp;</p>",
        "detail": "<p>&nbsp;</p>",
        "detail_az": "<p>&nbsp;</p>",
        "detail_ru": "<p>&nbsp;</p>",
        "detail_en": "<p>&nbsp;</p>",
        "image": "PosterIMGs/coolest-pictures-88c269e953ar0aw4.jpg",
        "price": 13.0,
        "slug": "ungravity-glass",
        "sizes": [1],
        "frames": [1]
    }
}, {
    "model": "product.product",
    "pk": 3,
    "fields": {
        "created_at": "2024-05-16T22:26:37.092Z",
        "update_at": "2024-08-12T15:03:37.188Z",
        "title": "Məməd Əmin Rəsulzadə",
        "title_az": "Məməd Əmin Rəsulzadə",
        "title_ru": null,
        "title_en": null,
        "category": 1,
        "status": "New",
        "type": "MDF",
        "artist": 1,
        "description": "<p>&nbsp;</p>",
        "description_az": "<p>&nbsp;</p>",
        "description_ru": "<p>&nbsp;</p>",
        "description_en": "<p>&nbsp;</p>",
        "detail": "<p>&nbsp;</p>",
        "detail_az": "<p>&nbsp;</p>",
        "detail_ru": "<p>&nbsp;</p>",
        "detail_en": "<p>&nbsp;</p>",
        "image": "PosterIMGs/9900ad5b6ac1c09fe95a455a1595ac95.jpg",
        "price": 121.0,
        "slug": "mmd-min-rsulzad-mdf",
        "sizes": [2, 1],
        "frames": [1]
    }
}, {
    "model": "product.product",
    "pk": 4,
    "fields": {
        "created_at": "2024-05-29T13:00:21.214Z",
        "update_at": "2024-08-12T15:04:04.397Z",
        "title": "Bakı buxtası",
        "title_az": "Bakı buxtası",
        "title_ru": null,
        "title_en": null,
        "category": 1,
        "status": "New",
        "type": "GLASS",
        "artist": 1,
        "description": "<p>&nbsp;</p>",
        "description_az": "<p>&nbsp;</p>",
        "description_ru": "<p>&nbsp;</p>",
        "description_en": "<p>&nbsp;</p>",
        "detail": "<p>&nbsp;</p>",
        "detail_az": "<p>&nbsp;</p>",
        "detail_ru": "<p>&nbsp;</p>",
        "detail_en": "<p>&nbsp;</p>",
        "image": "PosterIMGs/46-facts-about-baku-1688361666.jpeg",
        "price": 23.0,
        "slug": "bak-buxtas-glass",
        "sizes": [2, 1],
        "frames": [1]
    }
}, {
    "model": "product.product",
    "pk": 5,
    "fields": {
        "created_at": "2024-05-29T13:00:51.099Z",
        "update_at": "2024-08-12T15:04:25.633Z",
        "title": "Bakı memarisi",
        "title_az": "Bakı memarisi",
        "title_ru": null,
        "title_en": null,
        "category": 1,
        "status": "New",
        "type": "GLASS",
        "artist": 1,
        "description": "<p>&nbsp;</p>",
        "description_az": "<p>&nbsp;</p>",
        "description_ru": "<p>&nbsp;</p>",
        "description_en": "<p>&nbsp;</p>",
        "detail": "<p>&nbsp;</p>",
        "detail_az": "<p>&nbsp;</p>",
        "detail_ru": "<p>&nbsp;</p>",
        "detail_en": "<p>&nbsp;</p>",
        "image": "PosterIMGs/03.jpg",
        "price": 221.0,
        "slug": "bak-memarisi-glass",
        "sizes": [1],
        "frames": [1]
    }
}, {
    "model": "product.product",
    "pk": 6,
    "fields": {
        "created_at": "2024-05-29T13:01:08.585Z",
        "update_at": "2024-08-12T15:04:40.354Z",
        "title": "SuperStock",
        "title_az": "SuperStock",
        "title_ru": null,
        "title_en": null,
        "category": 1,
        "status": "New",
        "type": "GLASS",
        "artist": 1,
        "description": "<p>&nbsp;</p>",
        "description_az": "<p>&nbsp;</p>",
        "description_ru": "<p>&nbsp;</p>",
        "description_en": "<p>&nbsp;</p>",
        "detail": "<p>&nbsp;</p>",
        "detail_az": "<p>&nbsp;</p>",
        "detail_ru": "<p>&nbsp;</p>",
        "detail_en": "<p>&nbsp;</p>",
        "image": "PosterIMGs/dw-burnett-r-t-hellcat-vine-2-1652380401.jpg",
        "price": 243.0,
        "slug": "superstock-glass",
        "sizes": [1],
        "frames": [1]
    }
}, {
    "model": "product.product",
    "pk": 7,
    "fields": {
        "created_at": "2024-05-29T13:02:44.940Z",
        "update_at": "2024-08-12T15:05:00.027Z",
        "title": "Glasstech terminal",
        "title_az": "Glasstech terminal",
        "title_ru": null,
        "title_en": null,
        "category": 2,
        "status": "New",
        "type": "MDF",
        "artist": 2,
        "description": "<p>&nbsp;</p>",
        "description_az": "<p>&nbsp;</p>",
        "description_ru": "<p>&nbsp;</p>",
        "description_en": "<p>&nbsp;</p>",
        "detail": "<p>&nbsp;</p>",
        "detail_az": "<p>&nbsp;</p>",
        "detail_ru": "<p>&nbsp;</p>",
        "detail_en": "<p>&nbsp;</p>",
        "image": "PosterIMGs/Screenshot_2024-05-27_at_22.35.22.png",
        "price": 87.0,
        "slug": "glasstech-terminal-mdf",
        "sizes": [1],
        "frames": [1]
    }
}, {
    "model": "product.product",
    "pk": 8,
    "fields": {
        "created_at": "2024-05-29T13:03:19.449Z",
        "update_at": "2024-08-12T15:05:17.924Z",
        "title": "Modern Klassika",
        "title_az": "Modern Klassika",
        "title_ru": null,
        "title_en": null,
        "category": 2,
        "status": "New",
        "type": "GLASS",
        "artist": 2,
        "description": "<p>&nbsp;</p>",
        "description_az": "<p>&nbsp;</p>",
        "description_ru": "<p>&nbsp;</p>",
        "description_en": "<p>&nbsp;</p>",
        "detail": "<p>&nbsp;</p>",
        "detail_az": "<p>&nbsp;</p>",
        "detail_ru": "<p>&nbsp;</p>",
        "detail_en": "<p>&nbsp;</p>",
        "image": "PosterIMGs/art-mg-audic5rs606.jpg",
        "price": 21.0,
        "slug": "modern-klassika-glass",
        "sizes": [1],
        "frames": [1]
    }
}, {
    "model": "product.product",
    "pk": 9,
    "fields": {
        "created_at": "2024-05-29T13:05:12.476Z",
        "update_at": "2024-08-12T15:05:54.691Z",
        "title": "Varşava gecələri",
        "title_az": "Varşava gecələri",
        "title_ru": null,
        "title_en": null,
        "category": 1,
        "status": "New",
        "type": "GLASS",
        "artist": 1,
        "description": "<p>&nbsp;</p>",
        "description_az": "<p>&nbsp;</p>",
        "description_ru": "<p>&nbsp;</p>",
        "description_en": "<p>&nbsp;</p>",
        "detail": "<p>&nbsp;</p>",
        "detail_az": "<p>&nbsp;</p>",
        "detail_ru": "<p>&nbsp;</p>",
        "detail_en": "<p>&nbsp;</p>",
        "image": "PosterIMGs/Best-of-2016-Nasim-Mansurov-20.jpg",
        "price": 90.0,
        "slug": "varsava-geclri-glass",
        "sizes": [1],
        "frames": [1]
    }
}, {
    "model": "product.product",
    "pk": 10,
    "fields": {
        "created_at": "2024-08-09T11:38:34.633Z",
        "update_at": "2024-08-13T10:33:12.047Z",
        "title": "Ağac",
        "title_az": "Ağac",
        "title_ru": null,
        "title_en": null,
        "category": 2,
        "status": "New",
        "type": "GLASS",
        "artist": 2,
        "description": "<p>efsf</p>",
        "description_az": "<p>efsf</p>",
        "description_ru": "<p>vfeg</p>",
        "description_en": "<p>greeg</p>",
        "detail": "<p>faefsa</p>",
        "detail_az": "<p>faefsa</p>",
        "detail_ru": "<p>greeg</p>",
        "detail_en": "<p>ge</p>",
        "image": "PosterIMGs/82590837d42594f676cd75ab63d63fee.jpg",
        "price": 150.0,
        "slug": "agac-glass",
        "sizes": [2, 1],
        "frames": []
    }
}, {
    "model": "product.frame",
    "pk": 1,
    "fields": {
        "created_at": "2024-05-16T22:15:39.387Z",
        "update_at": "2024-05-16T22:15:39.387Z",
        "title": "",
        "title_az": null,
        "title_ru": null,
        "title_en": null,
        "cover": "1",
        "frame": "FrameIMGs/IMG_54374-large.jpg",
        "price": 11.0
    }
}, {
    "model": "product.size",
    "pk": 1,
    "fields": {
        "created_at": "2024-05-16T22:15:25.724Z",
        "update_at": "2024-07-11T16:50:33.318Z",
        "height": 140,
        "width": 70,
        "price_mdf": 20.0,
        "price_glass": 25.0
    }
}, {
    "model": "product.size",
    "pk": 2,
    "fields": {
        "created_at": "2024-07-11T16:50:24.015Z",
        "update_at": "2024-07-11T16:50:24.015Z",
        "height": 80,
        "width": 40,
        "price_mdf": 13.0,
        "price_glass": 15.0
    }
}, {
    "model": "product.category",
    "pk": 1,
    "fields": {
        "created_at": "2024-05-16T22:15:13.443Z",
        "update_at": "2024-08-12T15:01:29.342Z",
        "title": "Şəhər",
        "title_az": "Şəhər",
        "title_ru": null,
        "title_en": null,
        "slug": "seher"
    }
}, {
    "model": "product.category",
    "pk": 2,
    "fields": {
        "created_at": "2024-05-27T08:54:49.937Z",
        "update_at": "2024-08-12T15:01:42.540Z",
        "title": "Mənzərə",
        "title_az": "Mənzərə",
        "title_ru": null,
        "title_en": null,
        "slug": "menzere"
    }
}, {
    "model": "product.category",
    "pk": 3,
    "fields": {
        "created_at": "2024-08-11T19:41:34.654Z",
        "update_at": "2024-08-12T15:01:53.357Z",
        "title": "Yol",
        "title_az": "Yol",
        "title_ru": null,
        "title_en": null,
        "slug": "yol"
    }
}, {
    "model": "product.artist",
    "pk": 1,
    "fields": {
        "created_at": "2024-05-16T22:15:50.293Z",
        "update_at": "2024-05-16T22:15:50.293Z",
        "full_name": "Rafayel Muradov"
    }
}, {
    "model": "product.artist",
    "pk": 2,
    "fields": {
        "created_at": "2024-05-27T10:44:26.682Z",
        "update_at": "2024-05-27T10:44:26.682Z",
        "full_name": "Laman Mirizada"
    }
}, {
    "model": "product.productdiscount",
    "pk": 1,
    "fields": {
        "created_at": "2024-05-27T06:59:51.856Z",
        "update_at": "2024-08-09T09:39:39.909Z",
        "value": 12,
        "valid_from": null,
        "valid_to": null,
        "products": [1, 2, 3]
    }
}, {
    "model": "product.productdiscount",
    "pk": 2,
    "fields": {
        "created_at": "2024-08-09T12:00:59.217Z",
        "update_at": "2024-08-09T12:01:53.692Z",
        "value": 50,
        "valid_from": null,
        "valid_to": null,
        "products": [8, 9]
    }
}, {
    "model": "product.coupon",
    "pk": 1,
    "fields": {
        "created_at": "2024-07-11T11:12:11.649Z",
        "update_at": "2024-07-11T11:12:11.649Z",
        "code": "GLASSTECH0",
        "discount_precent": 15,
        "one_time": true,
        "valid_from": null,
        "valid_to": null
    }
}, {
    "model": "product.usedcoupon",
    "pk": 2,
    "fields": {
        "created_at": "2024-08-07T07:21:44.873Z",
        "update_at": "2024-08-07T07:21:44.873Z",
        "coupon": 1,
        "user": 2
    }
}, {
    "model": "product.comments",
    "pk": 1,
    "fields": {
        "created_at": "2024-08-10T15:15:04.055Z",
        "update_at": "2024-08-10T15:15:04.055Z",
        "user": 2,
        "product": 1,
        "rate": 3,
        "comment": "dew"
    }
}, {
    "model": "product.comments",
    "pk": 2,
    "fields": {
        "created_at": "2024-08-10T15:34:25.705Z",
        "update_at": "2024-08-10T15:34:25.705Z",
        "user": 2,
        "product": 1,
        "rate": 3,
        "comment": "decwe"
    }
}, {
    "model": "product.comments",
    "pk": 3,
    "fields": {
        "created_at": "2024-08-10T19:49:48.007Z",
        "update_at": "2024-08-10T19:49:48.007Z",
        "user": 3,
        "product": 1,
        "rate": 4,
        "comment": "kj"
    }
}, {
    "model": "product.comments",
    "pk": 4,
    "fields": {
        "created_at": "2024-08-10T19:51:46.323Z",
        "update_at": "2024-08-10T19:51:46.323Z",
        "user": 3,
        "product": 10,
        "rate": 3,
        "comment": "dd"
    }
}, {
    "model": "order.basket",
    "pk": 1,
    "fields": {
        "created_at": "2024-05-27T07:16:16.390Z",
        "update_at": "2024-05-27T07:16:16.390Z",
        "user": 3,
        "coupon": null,
        "is_active": false
    }
}, {
    "model": "order.basket",
    "pk": 2,
    "fields": {
        "created_at": "2024-06-04T14:54:02.394Z",
        "update_at": "2024-06-04T14:54:02.394Z",
        "user": 4,
        "coupon": null,
        "is_active": false
    }
}, {
    "model": "order.basket",
    "pk": 3,
    "fields": {
        "created_at": "2024-07-06T14:51:08.181Z",
        "update_at": "2024-08-07T07:24:02.889Z",
        "user": 2,
        "coupon": 1,
        "is_active": false
    }
}, {
    "model": "order.basket",
    "pk": 4,
    "fields": {
        "created_at": "2024-07-09T19:06:53.128Z",
        "update_at": "2024-07-14T13:54:12.213Z",
        "user": 1,
        "coupon": 1,
        "is_active": false
    }
}, {
    "model": "order.basket",
    "pk": 5,
    "fields": {
        "created_at": "2024-08-13T10:34:45.695Z",
        "update_at": "2024-08-13T10:34:45.695Z",
        "user": 5,
        "coupon": null,
        "is_active": false
    }
}, {
    "model": "order.basket",
    "pk": 6,
    "fields": {
        "created_at": "2024-08-15T07:38:29.096Z",
        "update_at": "2024-08-15T07:38:29.096Z",
        "user": 6,
        "coupon": null,
        "is_active": false
    }
}, {
    "model": "order.basketitem",
    "pk": 20,
    "fields": {
        "created_at": "2024-07-12T11:15:06.255Z",
        "update_at": "2024-07-12T11:15:12.222Z",
        "basket": 1,
        "product": 9,
        "frame": null,
        "size": 1,
        "quantity": 2
    }
}, {
    "model": "order.basketitem",
    "pk": 24,
    "fields": {
        "created_at": "2024-07-14T14:05:40.161Z",
        "update_at": "2024-08-09T10:05:39.030Z",
        "basket": 4,
        "product": 3,
        "frame": null,
        "size": 1,
        "quantity": 1
    }
}, {
    "model": "order.basketitem",
    "pk": 30,
    "fields": {
        "created_at": "2024-08-07T10:40:11.274Z",
        "update_at": "2024-08-07T10:40:11.279Z",
        "basket": 3,
        "product": 9,
        "frame": null,
        "size": 1,
        "quantity": 1
    }
}, {
    "model": "order.basketitem",
    "pk": 31,
    "fields": {
        "created_at": "2024-08-07T14:47:46.377Z",
        "update_at": "2024-08-07T14:47:46.381Z",
        "basket": 3,
        "product": 2,
        "frame": null,
        "size": 1,
        "quantity": 1
    }
}, {
    "model": "order.basketitem",
    "pk": 32,
    "fields": {
        "created_at": "2024-08-13T10:35:28.526Z",
        "update_at": "2024-08-13T10:35:28.535Z",
        "basket": 5,
        "product": 10,
        "frame": null,
        "size": 1,
        "quantity": 1
    }
}, {
    "model": "order.order",
    "pk": 11,
    "fields": {
        "created_at": "2024-08-07T14:42:58.975Z",
        "update_at": "2024-08-07T15:54:57.738Z",
        "number": 70824211,
        "user": 2,
        "used_coupon": "STOREGLAS",
        "delv_fee": 0.0,
        "order_price": 12.0,
        "order_actual_price": 21.0,
        "first_name": "12a",
        "last_name": "wdq",
        "address_line": "v",
        "region": "dwq",
        "street": "wdd",
        "building": "wda",
        "flat": "dwa",
        "status": "Finished"
    }
}, {
    "model": "order.orderitem",
    "pk": 2,
    "fields": {
        "created_at": "2024-08-07T14:43:10.469Z",
        "update_at": "2024-08-07T14:43:10.469Z",
        "order": 11,
        "product": 1,
        "size": 2,
        "frame": null,
        "image": "",
        "item_price": 12.0,
        "item_actual_price": 21.0,
        "quantity": 1
    }
}, {
    "model": "order.orderitem",
    "pk": 3,
    "fields": {
        "created_at": "2024-08-07T15:00:56.400Z",
        "update_at": "2024-08-07T15:00:56.400Z",
        "order": 11,
        "product": 3,
        "size": 1,
        "frame": null,
        "image": "",
        "item_price": 121.08,
        "item_actual_price": 122.03,
        "quantity": 2
    }
}, {
    "model": "account.user",
    "pk": 2,
    "fields": {
        "password": "pbkdf2_sha256$720000$FSjSP8BukRrTC2aDtfvVpl$u98wdga+kTbWXJQlPtvUM5MfiddyaTdb/iwct4K6QY8=",
        "last_login": "2024-08-12T13:10:36.026Z",
        "is_superuser": true,
        "username": "0555599666",
        "first_name": "Ilgar",
        "last_name": "",
        "email": "",
        "is_staff": true,
        "is_active": true,
        "date_joined": "2024-05-22T10:11:39Z",
        "number": "+994 55 559 96 66",
        "groups": [],
        "user_permissions": []
    }
}, {
    "model": "account.user",
    "pk": 3,
    "fields": {
        "password": "pbkdf2_sha256$720000$8bkSUqZ1Y4EIWSdwzVsnkN$nWhRDen66CVlteTMjioXUrypo88zkB7FzC7X0hUXuQc=",
        "last_login": "2024-08-10T19:49:39.426Z",
        "is_superuser": false,
        "username": "0516219083",
        "first_name": "",
        "last_name": "",
        "email": "",
        "is_staff": false,
        "is_active": true,
        "date_joined": "2024-05-27T07:16:16.383Z",
        "number": "+994 51 621 90 83",
        "groups": [],
        "user_permissions": []
    }
}, {
    "model": "account.user",
    "pk": 4,
    "fields": {
        "password": "pbkdf2_sha256$720000$dep6UHBDhZ7isFIW2WGyjK$dKBPX6/NQqS0E9o538PFZHQ19gSPhCDWpgBaFgIqj8s=",
        "last_login": "2024-06-04T14:54:31.013Z",
        "is_superuser": false,
        "username": "0503772234",
        "first_name": "",
        "last_name": "",
        "email": "",
        "is_staff": false,
        "is_active": true,
        "date_joined": "2024-06-04T14:54:02.364Z",
        "number": "+994 50 377 22 34",
        "groups": [],
        "user_permissions": []
    }
}, {
    "model": "account.user",
    "pk": 5,
    "fields": {
        "password": "pbkdf2_sha256$720000$ng3ComYsXThXd3JD94gzYh$o/Y9k7haRin/wVzC0/OGE0GreOK84hyibpL1Uh5NxeA=",
        "last_login": "2024-08-15T07:45:56.132Z",
        "is_superuser": false,
        "username": "0556657060",
        "first_name": "",
        "last_name": "",
        "email": "",
        "is_staff": false,
        "is_active": true,
        "date_joined": "2024-08-13T10:34:45.664Z",
        "number": "+994 55 665 70 60",
        "groups": [],
        "user_permissions": []
    }
}, {
    "model": "account.user",
    "pk": 6,
    "fields": {
        "password": "pbkdf2_sha256$720000$0omkwYoMvrYHgGqxnc1bTF$eD0Hk/x9+qkhc0EO0NfiQke4m68EDwLK46Fwv2pfjRo=",
        "last_login": null,
        "is_superuser": false,
        "username": "0706141092",
        "first_name": "",
        "last_name": "",
        "email": "",
        "is_staff": false,
        "is_active": true,
        "date_joined": "2024-08-15T07:38:29.072Z",
        "number": "+994 70 614 10 92",
        "groups": [],
        "user_permissions": []
    }
}, {
    "model": "account.useraddress",
    "pk": 22,
    "fields": {
        "created_at": "2024-06-04T14:55:17.142Z",
        "update_at": "2024-06-04T14:55:55.394Z",
        "user": 4,
        "first_name": "Elshen",
        "last_name": "Suleymanov",
        "address_line": "Narimanov",
        "region": "Narimanov",
        "street": "Narimanov",
        "building": "12",
        "flat": "1",
        "is_default": true
    }
}, {
    "model": "account.useraddress",
    "pk": 23,
    "fields": {
        "created_at": "2024-06-04T14:55:49.312Z",
        "update_at": "2024-06-04T14:55:55.384Z",
        "user": 4,
        "first_name": "Orkhan",
        "last_name": "Suleymanov",
        "address_line": "28may",
        "region": "28may",
        "street": "28",
        "building": "8",
        "flat": "12",
        "is_default": false
    }
}, {
    "model": "account.useraddress",
    "pk": 28,
    "fields": {
        "created_at": "2024-08-07T07:00:58.319Z",
        "update_at": "2024-08-08T18:23:03.368Z",
        "user": 2,
        "first_name": "fwe",
        "last_name": "efwfew",
        "address_line": "fewffew",
        "region": "few",
        "street": "few",
        "building": "few",
        "flat": "fwe",
        "is_default": true
    }
}, {
    "model": "account.useraddress",
    "pk": 29,
    "fields": {
        "created_at": "2024-08-07T17:04:50.022Z",
        "update_at": "2024-08-07T17:04:50.022Z",
        "user": 3,
        "first_name": "Mirizada",
        "last_name": "Laman",
        "address_line": "Sumgait city, 45th block, house 5/81, apartment 38",
        "region": "dsf",
        "street": "dcdf",
        "building": "90",
        "flat": "9",
        "is_default": true
    }
}, {
    "model": "account.userwishlist",
    "pk": 2,
    "fields": {
        "created_at": "2024-06-03T15:46:09.843Z",
        "update_at": "2024-06-03T15:46:09.843Z",
        "user": 1
    }
}, {
    "model": "account.userwishlist",
    "pk": 3,
    "fields": {
        "created_at": "2024-06-03T15:46:36.664Z",
        "update_at": "2024-06-03T15:46:36.665Z",
        "user": 2
    }
}, {
    "model": "account.userwishlist",
    "pk": 4,
    "fields": {
        "created_at": "2024-06-04T14:54:02.380Z",
        "update_at": "2024-06-04T14:54:02.380Z",
        "user": 4
    }
}, {
    "model": "account.userwishlist",
    "pk": 5,
    "fields": {
        "created_at": "2024-07-09T07:59:09.537Z",
        "update_at": "2024-07-09T07:59:09.537Z",
        "user": 3
    }
}, {
    "model": "account.userwishlist",
    "pk": 6,
    "fields": {
        "created_at": "2024-08-13T10:34:45.678Z",
        "update_at": "2024-08-13T10:34:45.678Z",
        "user": 5
    }
}, {
    "model": "account.userwishlist",
    "pk": 7,
    "fields": {
        "created_at": "2024-08-15T07:38:29.085Z",
        "update_at": "2024-08-15T07:38:29.085Z",
        "user": 6
    }
}, {
    "model": "account.userwishlistitem",
    "pk": 17,
    "fields": {
        "created_at": "2024-07-09T07:59:09.545Z",
        "update_at": "2024-07-09T07:59:09.551Z",
        "wishlist": 5,
        "product": 9
    }
}, {
    "model": "account.userwishlistitem",
    "pk": 28,
    "fields": {
        "created_at": "2024-08-08T18:19:47.950Z",
        "update_at": "2024-08-08T18:19:47.950Z",
        "wishlist": 3,
        "product": 9
    }
}, {
    "model": "account.userwishlistitem",
    "pk": 29,
    "fields": {
        "created_at": "2024-08-09T12:24:15.701Z",
        "update_at": "2024-08-09T12:24:15.701Z",
        "wishlist": 2,
        "product": 10
    }
}]